elapsed_s,real_x,real_y,real_yaw,sim_x,sim_y,sim_yaw,position_error,heading_error,real_velocity_x,real_velocity_y,real_yaw_rate,sim_velocity_x,sim_velocity_y,sim_yaw_rate
0.007521790999817313,1.3801663407786293e-07,1.647259997162031e-14,2.9741466128524897e-07,-17.422671806098037,-18.396883392496996,0.5753423804460183,25.33761662487956,0.575342083031357,0.00010273003023583113,0.0,0.0001924421675528216,0.11973112696215109,-0.01599602437329002,-0.019014836178065427
0.012920146999931603,1.389987932655708e-06,3.5974111699511367e-12,1.2535384590076299e-05,0.0025288175996795435,-0.00032304382664105624,-0.0003810774027754871,0.0025479889420630766,-0.00039361278736556337,0.00010273003023583113,0.0,0.001007696590781418,0.015898219424027204,2.252931402914892e-54,0.0
0.027263932000096247,3.0808202868741116e-06,2.6800931122061978e-11,1.829803712229247e-05,-17.42189946697227,-18.396382506036673,0.5753423804460183,25.33672389426421,0.575324082408896,0.00010273003023583113,0.0,0.001002083160258134,0.14862361747912436,-0.016604251381482277,-0.018862482460842062
0.03268419999949401,3.441427013260392e-06,3.339932603135288e-11,2.181558624807841e-05,0.005927940812196678,-0.0007057823498888265,-0.0007762863716360702,0.00596639101447421,-0.0007981019578841486,0.00010273003023583113,0.0,0.001002083160258134,0.07025659046638524,9.163469770233066e-54,0.0
0.04716316099984397,4.465909669627958e-06,5.7141918338032377e-11,3.075351296138963e-05,-17.420294497324882,-18.395341632230355,0.5753423804460183,25.334865496722898,0.5753116269330569,0.00010273003023583113,0.0,0.0013503928229247203,0.19280035104277576,-0.021848928342587514,-0.021404018883133362
0.053267134999259724,5.6584860540530765e-06,9.601338857528393e-11,4.5393750570183605e-05,0.010227231143701504,-0.001203031465066745,-0.001245635358572028,0.010292124782207066,-0.0012910291091422115,0.00010273003023583113,0.0,-0.0005078140591040563,0.11924431295653873,1.1002740883474878e-53,0.0
0.06719812899973476,-0.0033545603881425462,0.008098200772479833,-0.00032658717119359287,-17.41789047109664,-18.39378254484528,0.5753423804460183,25.33565227029479,0.5756689676172119,0.00010273003023583113,0.0,-0.002894748980814151,0.23728893202841103,-0.02694384934224162,-0.025303010188422834
0.07271483999920747,-0.0033537240098339134,0.008098200499329397,-0.00035015482108183217,0.01542865046698285,-0.001772610703045194,-0.001761239048755803,0.021218164500736193,-0.0014110842276739708,0.00010273003023583113,0.0,-0.002894748980814151,0.16661907132196063,6.286458448242052e-54,0.0
0.08771555199928116,-0.003352694653188008,0.008098200126599937,-0.0003629571357917715,-17.414688139088746,-18.391705730799877,0.5753423804460183,25.331943996764153,0.5757053375818101,0.00010273003023583113,0.0,0.0030179692634216323,0.2824554756082279,-0.028475741912499176,-0.02535127197900682
0.09260122499927093,-0.003351676195813028,0.008098199760978036,-0.00033535305708807324,0.02154681557333577,-0.002340620996936096,-0.0022406888992954066,0.02699821977824148,-0.0019053358422073331,0.00010273003023583113,0.0,-0.019776942345256877,0.21334973686329217,-1.441348627666768e-54,0.0
0.10711756499949843,-0.0033504939799402916,0.008098199333775669,-0.0005555765269455208,-17.410913811291437,-18.38925795931269,0.5753423804460183,25.327573398853193,0.5758979569729638,0.00010273003023583113,0.0,-0.008820688230119856,0.3280162264391359,-0.02648074187828092,-0.022455770504661965
0.11258594799983257,-0.0033496141760809184,0.008098198844977247,-0.0006311189630479434,0.02859758320632615,-0.00285353432433374,-0.002676645549022027,0.033772235342101116,-0.0020455265859740837,0.00010273003023583113,0.0,-0.008820688230119856,0.25736232733632,-4.868739966988978e-54,0.0
0.12746335699921474,-0.0033479520006957494,0.008098197623327912,-0.00097703111708873,-17.40619365826022,-18.386196790112393,0.5753423804460183,25.32210747097712,0.576319411563107,0.00010273003023583113,0.0,-0.02720415874922631,0.37358565370545876,-0.022755980204815573,-0.0213604270708749
0.13273729299999104,-0.003347560165906327,0.008098197236928943,-0.0010312233485645958,0.03657621952342487,-0.003304372945265501,-0.003107371597018571,0.04152019739165656,-0.002076148248453975,0.00010273003023583113,0.0,-0.01326948041393796,0.3032406480091235,-1.5407968788485154e-54,0.0
0.14735198699963803,-0.002649888941852538,0.008097421748593273,-0.0011161037420832573,-17.400698241045077,-18.38263283745863,0.5753423804460183,25.316221004112005,0.5764584841881015,0.1245343041415093,0.0,-0.0007999374144201199,0.4189752011083704,-0.02013281168866952,-0.02125972688246232
0.15319629199984774,-0.001872482332528436,0.00809655337207285,-0.0011162592845517635,0.04550734847279464,-0.0037366234834441438,-0.003521239015170541,0.048835155796157596,-0.002404979730618777,0.1245343041415093,0.0,0.007681723026366889,0.34889768252416675,3.6210660255372654e-54,0.0
0.1712548859995877,0.008985819944071832,0.0012597943640278962,-0.0003629102974404797,-17.394392163475082,-18.378543145810013,0.5753423804460183,25.31194819355849,0.5757052907434588,0.1245343041415093,0.0,0.013840825794583048,0.46436216987909884,-0.02000150313868341,-0.01937038911975548
0.1747471079997922,0.009758446689526731,0.0012595139698135828,-0.00027704003891209457,0.054972176836372816,-0.004164386251091917,-0.0038751284853324464,0.04553789726588347,-0.003598088446420352,0.1245343041415093,0.0,0.013840825794583048,0.39464206669381463,3.9946328471620594e-54,0.0
0.18829037599971343,0.011007499915979534,0.0012592057865732878,-0.00018056475474284984,-17.387279729459607,-18.37393050638851,0.5753423804460183,25.305098211117038,0.5755229452007611,0.1245343041415093,0.0,0.007204509428755719,0.5079693802777837,-0.020099375118948964,-0.01711120852064633
0.19783915499920113,0.012295894122049894,0.001258974049730117,-0.000124836586384849,0.06572976676074872,-0.0045972092899609525,-0.004207794548189314,0.053753824314896545,-0.004082957961804465,0.1245343041415093,0.0,0.005386603356685095,0.4404012363593115,1.6737152808067258e-55,0.0
0.20769805500003713,0.013667334881679257,0.0012588036389120098,-0.00013422652851580467,-17.37948885183478,-18.368877874732142,0.5753423804460183,25.297901172183167,0.5754766069745341,0.1245343041415093,0.0,-0.0031520946685851007,0.5556953993161058,-0.017700696859174466,-0.015795987775680212
0.2140980619997208,0.01490347242258342,0.0012586291710571455,-0.00017527263222782605,0.07739361518513213,-0.004975220127901761,-0.00451726513659767,0.06280030907221595,-0.004341992504369844,0.1245343041415093,0.0,-0.0041632960104120665,0.48546626690675937,-1.9607129136356498e-54,0.0
0.22730296499958058,0.016325180523287977,0.0012583555664841943,-0.0002388467291750215,-17.371308123925154,-18.36357241278052,0.5753423804460183,25.290251107491788,0.5755812271751933,0.1245343041415093,0.0,-0.006478320545157974,0.5985575958409418,-0.014513278460305304,-0.014594514498107064
0.23296467299951473,0.01723150718093812,0.0012581390933223342,-0.0002859941783444062,0.0899363007767455,-0.005306410130124034,-0.004794259266335922,0.07300055012337923,-0.004508265087991515,0.1245343041415093,0.0,-0.006478320545157974,0.5285584342534982,-2.6061560238812944e-55,0.0
0.24758041799941566,0.018485815746180884,0.0012577558378831946,-0.0003571412918721982,-17.36201054667478,-18.35754263854905,0.5753423804460183,25.280965284677524,0.5756995217378904,0.1245343041415093,0.0,-0.007519615902223042,0.6435432574093772,-0.012874438487607881,-0.012822387811198816
0.2539908379994813,0.019805682651227605,0.0012572667599904386,-0.0004514411917696502,0.10333176988217635,-0.005628276551240277,-0.005037252864245945,0.08380941447595786,-0.004585811672476295,0.1245343041415093,0.0,-0.007103089504022454,0.5735069401698406,2.2354204532335955e-54,0.0
0.26726186299947585,0.03364889649326422,0.0017129691330318082,-0.0009619976075656265,-17.35196297433722,-18.351026468676146,0.5753423804460183,25.280081981577474,0.5763043780535839,0.1245343041415093,0.0,-0.006527762124056964,0.6882402585279906,-0.01258974464836905,-0.011430563443964021
0.2730901389995779,0.03487478997144205,0.0017117774933787739,-0.0010281026514104466,0.11684494234165027,-0.005929709838594276,-0.005245010141330164,0.08232556230138885,-0.004216907489919717,0.1245343041415093,0.0,-0.007493287144677737,0.6183272997587572,1.8946161632852986e-54,0.0
0.287989897999978,0.0366500610247533,0.001709914928910612,-0.001078756347379891,-17.341219361434852,-18.344058894383714,0.5753423804460183,25.26969684956281,0.5764211367933981,0.1245343041415093,0.0,0.0006306303376887976,0.730500179140436,-0.011545502666340435,-0.0103697811002488
0.29278290399997786,0.037117223539316464,0.0017094114661563465,-0.0010720641585899358,0.13191286130959146,-0.006221940732797478,-0.005440314148791425,0.09512685891995508,-0.00436824999020149,0.1245343041415093,0.0,0.0017027587587592518,0.662824914003674,-3.3637581529521173e-57,0.0
0.3072451279995221,0.04217808382926499,0.0017040479784332088,-0.0010442538472571986,-17.329623691421226,-18.336538733984725,0.5753423804460183,25.2600602780124,0.5763866342932755,0.6775644489771612,0.0,0.0021634766559104597,0.7748606968016039,-0.009576820372568389,-0.009133505022180334
0.31300256199938303,0.04632346096448606,0.001699731664864378,-0.001029131618406794,0.14790205300078865,-0.006486818232372071,-0.0056121961355670704,0.10190794845986027,-0.004583064517160276,0.6775644489771612,0.0,0.003812213720721359,0.7076367674769827,-1.728884567575671e-55,0.0
0.3272549359999175,0.05439806973216949,0.001691508879070419,-0.0009850542365675034,-17.317342204393647,-18.328573799463737,0.5753423804460183,25.254227100149407,0.5763274346825857,0.6775644489771612,0.0,0.003279878157892053,0.8192343440716338,-0.00819665871516701,-0.008047501909044118
0.33276941099938995,0.05874973863151177,0.0016872222477984976,-0.0009639891545378516,0.16476204612048745,-0.006740763486890622,-0.005764282573029411,0.10634679253593525,-0.00480029341849156,0.6775644489771612,0.0,0.003279878157892053,0.752120503882961,1.1318618664941431e-54,0.0
0.34769796099953965,0.06547933357627855,0.0016808087988292566,-0.0009318771867083092,-17.304316843301038,-18.320126438978654,0.5753423804460183,25.246751079118546,0.5762742576327265,0.6775644489771612,0.0,0.001950297527214844,0.8634820943110977,-0.007627447622517389,-0.007138665536843208
0.3533873169999424,0.0729757774809988,0.0016738366746798564,-0.0009129139208480544,0.18253247370858436,-0.006990916672640277,-0.005898522952307527,0.1098988063578188,-0.004985609031459472,0.6775644489771612,0.0,-0.001945181467921856,0.7965228695579047,1.4128795040352268e-54,0.0
0.3674322189999657,0.10083483420733923,0.007955149812915127,-0.0013783700163451185,-17.290544690937537,-18.311194760628787,0.5753423804460183,25.259678050776195,0.5767207504623634,0.6775644489771612,0.0,-0.0032362154845063423,0.9077376165778601,-0.006885194911365986,-0.006248649197824174
0.37317131999952835,0.10649274424858886,0.007947351114420164,-0.0014053936205305447,0.20124585679810614,-0.007229998087178821,-0.0060161984533684265,0.09596095178044435,-0.0046108048328378825,0.6775644489771612,0.0,-0.0032362154845063423,0.840859010336292,6.054038191734689e-55,0.0
0.38770629499958886,0.11328097586302896,0.007937713414689565,-0.0014824434325422275,-17.276066597494804,-18.301805257061254,0.5753423804460183,25.251457317785427,0.5768248238785605,0.6775644489771612,0.0,-0.00892631831586617,0.952063204966422,-0.005783701475950802,-0.005470673974543104
0.392812297999626,0.12004012880625316,0.00792757863432373,-0.0015729036284282633,0.2207286628760221,-0.007454912557883608,-0.006118851861806496,0.10185677163741917,-0.004545948233378233,0.6775644489771612,0.0,-0.009004960806053178,0.8850150978159049,4.29033986471575e-55,0.0
0.4074597749995519,0.12815947919122236,0.007914683124089383,-0.0016797271324950486,-17.260737224045954,-18.29186367136453,0.5753423804460183,25.243922365180552,0.5770221075785134,0.6775644489771612,0.0,-0.005535187084005823,0.9960560273755049,-0.004962467650649402,-0.0048024083900535175
0.4131571689995326,0.13457987293397528,0.007903854720378424,-0.0017259314691759594,0.24119159132892848,-0.007675842099522712,-0.006209005108229082,0.10774407386081539,-0.004483073639053123,0.6775644489771612,0.0,0.0004338854060107445,0.929428753166307,9.679433500604795e-55,0.0
0.42747868500009645,0.14455616647359512,0.007886651535105146,-0.0017231142404271881,-17.245148189391827,-18.281753687126734,0.5753423804460183,25.237130607539584,0.5770654946864454,0.6775644489771612,0.0,0.0019401415702388677,1.0402062535960002,-0.0044897852223706606,-0.004180712068337975
0.43288387799930206,0.14715992805181569,0.00788216866590927,-0.0017073945423811347,0.2623779414842463,-0.007892821320309565,-0.00628695162493953,0.11629291005207956,-0.004579557082558395,0.6775644489771612,0.0,0.00421028659049739,0.9724615735437457,1.0960974466592104e-54,0.0
0.4473612949996095,0.1539150402257259,0.007870679025601637,-0.0016629042336037507,-17.228386152856864,-18.27088297390287,0.5753423804460183,25.224139824213758,0.5770052846796221,0.6775644489771612,0.0,0.001204579312010979,1.0839728563040334,-0.003961238276248684,-0.0036476186557803545
0.4532707680000385,0.1614386163685559,0.007858176424738347,-0.0016534298158743807,0.28477972043171096,-0.008108369602664561,-0.006355919514207109,0.12437024782303532,-0.004702489698332728,0.6775644489771612,0.0,-0.005987235935151168,1.0166450835282512,8.038640357478757e-55,0.0
0.46732353399966087,0.19241818567667848,-0.001380876110659173,-0.0016707698497451452,-17.21088943458399,-18.259535796231095,0.5753423804460183,25.223705858032464,0.5770131502957634,0.6775644489771612,0.0,-0.007671197637288537,1.1283508999200467,-0.0033481991846512657,-0.0031715730304710593
0.4733534709994274,0.19651897314026395,-0.0013877655611155696,-0.001713635276630686,0.3079945651385931,-0.008319297401207848,-0.006415565823992941,0.11169088478935134,-0.004701930547362255,0.6775644489771612,0.0,-0.004715229925110392,1.0607528286170076,7.806235603109947e-55,0.0
0.48764871699950163,0.2047026163365818,-0.0014017375368613404,-0.001684945231087556,-17.19257167716617,-18.24765614858935,0.5753423804460183,25.2109292346836,0.5770273256771058,0.6775644489771612,0.0,0.0008865924314179056,1.1725271554175645,-0.0028947793186801735,-0.00274937085660228
0.49284426999929565,0.2089959638856094,-0.0014089715991854094,-0.001679327381964127,0.3320153457596488,-0.008528872399195864,-0.006467102048978379,0.12322524621226255,-0.004787774667014254,0.6775644489771612,0.0,0.0008865924314179056,1.1049935646821176,9.886824339345762e-55,0.0
0.5076974289995633,0.21651146263802873,-0.0014215828106996253,-0.0016439998991560221,-17.173480933429374,-18.235275194761925,0.5753423804460183,25.19692943748005,0.5769863803451742,0.6775644489771612,0.0,0.0016806053414793977,1.2165008142565146,-0.0025631832214192936,-0.002384670260450636
0.5129829339994103,0.22258728409049355,-0.0014315467958995604,-0.0016211548934902298,0.3567653864553365,-0.008737355826833298,-0.006511523002486808,0.13437685068428545,-0.004890368108996578,0.6775644489771612,0.0,-0.00022583087987456042,1.149240141625322,1.0144185045802523e-54,0.0
0.5276046369999676,0.23101922118752868,-0.0014452179475859313,-0.0016206673988453234,-17.153990005944834,-18.22263470906023,0.5753423804460183,25.184326322109776,0.5769630478448636,0.6775644489771612,0.0,-0.002131318021749277,1.2601557224702247,-0.002221053646108949,-0.002066849591072134
0.53290255399952,0.2417777854941072,-0.0014626919130717195,-0.0016369179019885246,0.3812961346480434,-0.008937008090905418,-0.006548481159304398,0.1397184137934792,-0.004911563257315873,1.4110302947248345,0.0,-0.002131318021749277,1.192679883870919,9.395071510281002e-55,0.0
0.5477437139998074,0.2647361155757214,-0.0015012345634889063,-0.0017537247989674084,-17.133609068607385,-18.209417023693256,0.5753423804460183,25.183935604508456,0.5770961052449857,1.4110302947248345,0.0,-0.006932411851589584,1.3019461907637269,-0.0019083743017045804,-0.0017990521855262014
0.5536129459997028,0.26994382469666683,-0.0015103913922418874,-0.0017572982796317288,0.4078426440345727,-0.009146901549345138,-0.0065820534687731636,0.1381101034036538,-0.004824755189141435,1.4110302947248345,0.0,0.0008684441250651565,1.2364234325171606,9.729212413094433e-55,0.0
0.5679277689996525,0.32480345888277073,0.0005819120516437939,-0.0016044101233305447,-17.11252272776988,-18.19574186174578,0.5753423804460183,25.202510657087075,0.5769467905693488,1.4110302947248345,0.0,-0.0010513183757119861,1.3456639268774866,-0.001653097169524566,-0.0015548820648368113
0.5734596960000999,0.338978994764963,0.0005591462193218276,-0.001613559679452536,0.43528763648163105,-0.00935897934710378,-0.0066110751980037455,0.09681799256368062,-0.00499751551855121,1.4110302947248345,0.0,0.0047392077646482575,1.2800652739149772,1.0483110071006315e-54,0.0
0.5888529789999666,0.3591884784836196,0.0005274291862753941,-0.001434329579497153,-17.09003154351263,-18.18115561420864,0.5753423804460183,25.200176143561162,0.5767767100255153,1.4110302947248345,0.0,0.012767751338218536,1.3893691581210925,-0.0014409029406249154,-0.0013420661122873398
0.5932834579998598,0.36491494300139654,0.0005192259665490373,-0.0014201482317999707,0.4642230012889329,-0.009578058955759916,-0.006636604097152055,0.09982006613724019,-0.0052164558653520834,1.4110302947248345,0.0,0.0034895831574933427,1.3249890895050684,1.0602900079849234e-54,0.0
0.6076192559994524,0.3790295918881562,0.0004993424420900967,-0.0013388491950715948,-17.068540093137777,-18.167217725855842,0.5753423804460183,25.188958521295792,0.5766812296410898,1.4110302947248345,0.0,0.011836912242691284,1.4339704438438816,-0.0012350017189252777,-0.0011533883673949987
0.6130766460000814,0.3954698830986891,0.0004776139849828167,-0.001207887887008037,0.49329481045546303,-0.00979417547811745,-0.0066580125318921315,0.09836272704196625,-0.005450124644884095,1.4110302947248345,0.0,0.00547330405800925,1.3664943265997191,1.0602418309603768e-54,0.0
0.6275353119999636,0.4149792965186513,0.00045436710862468787,-0.0011742425901870226,-17.04529577590676,-18.15214304765813,0.5753423804460183,25.1868616248106,0.5765166230362053,1.4110302947248345,0.0,-0.00546914374626663,1.4773841171126394,-0.001059383196358602,-0.0009942326756769892
0.6331682289992386,0.42142872010136967,0.00044679391729094894,-0.0011992405290011088,0.5233254016578923,-0.010014144467926783,-0.006676510254484569,0.10243224562671027,-0.00547726972548346,1.4110302947248345,0.0,-0.00546914374626663,1.4099702996491295,1.094441032118258e-54,0.0
0.647553352999239,0.43543942027720617,0.00042986642500210604,-0.001246952704446577,-17.02117518112764,-18.136500075631083,0.5753423804460183,25.173033608705794,0.5765893331504648,1.4110302947248345,0.0,-0.008017689921800065,1.5208838790510437,-0.0009153471455461372,-0.0008558612903432279
0.6534109439999156,0.4495671921881042,0.00041207860675822794,-0.0013224484703132993,0.5541643688565361,-0.010237323606695103,-0.006692397936290284,0.10513790531730721,-0.005369949465976985,1.4110302947248345,0.0,-0.0010909186428129207,1.4536729459377962,1.130601345594355e-54,0.0
0.6676536039994971,0.4649952268898296,-0.006643333706979445,-0.001793118307384068,-16.996325509374152,-18.120384274023337,0.5753423804460183,25.159597228643694,0.5771354987534023,1.4110302947248345,0.0,0.0013304295629698857,1.5642636735534945,-0.0007900913010008714,-0.000736397470256247
0.6731125669994071,0.47691879426506095,-0.006664714096843904,-0.0017818758187613212,0.5861116675479563,-0.010466108444030009,-0.00670615758470694,0.1092590233104674,-0.0049242817659456185,1.4110302947248345,0.0,0.0013304295629698857,1.4973193495446542,1.1490160718897273e-54,0.0
0.6881221300000107,0.4989206914518857,-0.006703975319959153,-0.0017597480307590088,-16.970828433910384,-18.10384861054142,0.5753423804460183,25.153504297636555,0.5771021284767772,1.4110302947248345,0.0,0.016747182782670168,1.6079275293724569,-0.0006770516951760957,-0.0006323547069951296
0.692956160999529,0.5051393286111938,-0.006714905082141198,-0.0016859403921763842,0.6172475044340033,-0.010687134309451785,-0.006717410412079406,0.11217852598136718,-0.005031470019903022,1.4110302947248345,0.0,0.016747182782670168,1.5407791965105313,1.1702194425059308e-54,0.0
0.7075089969994224,0.5217740596008734,-0.0067425170320934286,-0.0014998108563866912,-16.94446262187808,-18.086749543794994,0.5753423804460183,25.138736601134845,0.576842191302405,1.4110302947248345,0.0,-0.0006619031780239143,1.6493299067858576,-0.0005850919335471277,-0.0005468297365968939
0.7131995429999733,0.5348030939233199,-0.006762065492462565,-0.0015041656444994493,0.6509149986657027,-0.010924411335666129,-0.006727622822898849,0.11618648607227348,-0.005223457178399399,1.4110302947248345,0.0,0.002918212424355194,1.5844299138698459,1.1997928028791167e-54,0.0
0.7275683210000352,0.5496104203641649,-0.006784281191255106,-0.0014743961114560438,-16.917442374086868,-18.069226054667446,0.5753423804460183,25.12667379786583,0.5768167765574743,1.4110302947248345,0.0,-0.005643596036778812,1.6929293581855447,-0.0005028116762196246,-0.0004688968037912202
0.7329547949993866,0.5632846999387011,-0.006804527345405011,-0.0015294806499135368,0.6853339830573258,-0.011165489307097098,-0.006736347627797733,0.1221271693727548,-0.0052068669778841965,1.4110302947248345,0.0,-0.0039743477635476605,1.627909414623692,1.226285753505066e-54,0.0
0.7476423259995499,0.5815355738907612,-0.006832651486945447,-0.0015701391127852593,-16.88968154734163,-18.051222276559976,0.5753423804460183,25.116596597443035,0.5769125195588035,1.4110302947248345,0.0,0.0001442192824130334,1.7363299403262167,-0.0004314579082193867,-0.0004020158721668364
0.7533071009993364,0.5899338485167357,-0.006845837957251967,-0.0015692807367194905,0.7204799877881713,-0.011410376693567315,-0.006743797558049769,0.13062591432235948,-0.005174516821330278,1.4110302947248345,0.0,0.0001442192824130334,1.671363459292596,1.249633047407473e-54,0.0
0.7675285969999095,0.6379731293280679,-0.007705388553696996,-0.0013805957773742818,-16.86126271996293,-18.032791764136984,0.5753423804460183,25.122241025759415,0.5767229762233925,1.4110302947248345,0.0,-0.009847210230090315,1.7795136891979695,-0.00036967075423240326,-0.00034465274489405023
0.773028209999211,0.6540447075563188,-0.007727773174050695,-0.0014873486052233871,0.7565511330248215,-0.011660615862052304,-0.006750192683759426,0.10258184300322476,-0.005262844078536039,1.4110302947248345,0.0,0.009055274256076225,1.7146725421950935,1.2754446395788346e-54,0.0
0.7879371489998448,0.6819111668092752,-0.007767777589722457,-0.0013719956619950386,-16.832050135618452,-18.01384647510398,0.5753423804460183,25.11887160212442,0.5767143761080133,2.040830036384714,0.0,-0.0023084871724291436,1.8227408392342286,-0.00031680402788082353,-0.00029522561444809075
0.7929925549997279,0.6921165140841186,-0.007781779290698166,-0.0013835394628150385,0.7938852599561836,-0.011918676510448534,-0.0067557230010985014,0.10185279355510943,-0.005372183538283463,2.040830036384714,0.0,-0.0023084871724291436,1.7580388185088764,1.3017758604564057e-54,0.0
0.8076528459996553,0.7126021403275167,-0.007810097849371446,-0.0013636225433128102,-16.80206945172793,-17.994403049112798,0.5753423804460183,25.105402744668194,0.5767060029893311,2.040830036384714,0.0,0.009444264222946867,1.866387434742171,-0.00027105835415719046,-0.00025232549379837987
0.8131834829991931,0.7343659904770646,-0.007839432814783052,-0.0013108470042399257,0.8317785950982828,-0.012179806816983496,-0.006760411780426856,0.09750925282027725,-0.005449564776186931,2.040830036384714,0.0,-0.017939360905136967,1.8014234492952166,1.3273105152874082e-54,0.0
0.827497272999608,0.7602545055698993,-0.007874596312952302,-0.0014949969192619476,-16.771397986686885,-17.974511629599334,0.5753423804460183,25.10296566932105,0.5768373773652802,2.040830036384714,0.0,0.009843699457048626,1.9096268638540859,-0.00023191510185062076,-0.00021582070585701908
0.8330130249996728,0.773724744157743,-0.007894734293145755,-0.0014300247627923796,0.8705980076344659,-0.012446640859577418,-0.006764426692844826,0.09698014760774555,-0.005334401930052446,2.040830036384714,0.0,0.009843699457048626,1.8447180174845181,1.3530977138048362e-54,0.0
0.847711220999372,0.8065911779737501,-0.007940148533191058,-0.001333988126168501,-16.739923032169628,-17.954099121633643,0.5753423804460183,25.09870081925671,0.5766763685721867,2.040830036384714,0.0,0.005448708486882377,1.9529012763128164,-0.00019823983674756743,-0.00018445553875159535
0.853764874999797,0.8146784806896686,-0.007950887233042495,-0.0013150072066854443,0.9101413776357299,-0.012717878402473237,-0.006767845796200822,0.095581843977524,-0.005452838589515376,2.040830036384714,0.0,0.004542112074971576,1.8880763098179865,1.3789933984078026e-54,0.0
0.8682959929992649,0.8354867315202231,-0.010445246340126101,-0.001327844659104793,-16.70790834589306,-17.933336580474723,0.5753423804460183,25.079887252884642,0.576670225105123,2.040830036384714,0.0,0.013333702985085284,1.995980520747222,-0.00016953961283288239,-0.00015766037460660567
0.8737383389998286,0.8545063199994712,-0.010470300087500682,-0.0012076947756078742,0.9504913196829808,-0.01299416428169009,-0.006770763857564589,0.0960181756477077,-0.005563069081956714,2.040830036384714,0.0,0.0004542123840582928,1.9311423552023028,1.404510214499875e-54,0.0
0.8878808579993347,0.8813348959679098,-0.010502893593724118,-0.0012372994719826542,-16.67522559861367,-17.91214078053114,0.5753423804460183,25.073919825885536,0.576579679918001,2.040830036384714,0.0,-0.0033438401755248328,2.0389599818312245,-0.0001449537887050376,-0.00013472311836419172
0.892993275999288,0.8944713513004342,-0.01051914733126511,-0.001258823185346974,0.9918187314185698,-0.013276729684209676,-0.006773263346447123,0.09738642963112495,-0.005514440161100149,2.040830036384714,0.0,-0.0033438401755248328,1.9741057706243135,1.430543414325914e-54,0.0
0.9077824719997807,0.9148051702931025,-0.010544987713383486,-0.0013032268576873118,-16.641715409517815,-17.890408358281697,0.5753423804460183,25.058350484808745,0.5766456073037056,2.040830036384714,0.0,0.0020669287494123377,2.0820325967543427,-0.0001237919645359424,-0.0001150181001813949
0.9135065369991935,0.9373742974350623,-0.01057435852554824,-0.001282548020073368,1.0339930138342979,-0.013564733674431007,-0.00677539602513788,0.09666498177813396,-0.005492848005064512,2.040830036384714,0.0,0.0034415888498683087,2.017169503571238,1.4563005290352575e-54,0.0
0.9277564679996431,0.9579927605202673,-0.010600703538764859,-0.0012512492427104007,-16.607461069192468,-17.8681933303182,0.5753423804460183,25.048728164674888,0.5765936296887286,2.040830036384714,0.0,-0.0019103632926452195,2.1250507998340917,-0.00010568424631030856,-9.81581970933269e-05
0.9330658919998314,0.9752105766669523,-0.010622247329422692,-0.0012673663661887046,1.0770894536895015,-0.013858736200994926,-0.006777218037120836,0.10193027245912524,-0.005509851670932131,2.040830036384714,0.0,-0.0019103632926452195,2.060222829020072,1.4818149118955394e-54,0.0
0.9481783579994953,1.0057492585882077,-0.010660373049136,-0.0012001364057259824,-16.57260885739145,-17.845590563708313,0.5753423804460183,25.04163351219952,0.5765425168517444,2.040830036384714,0.0,0.005463775336320506,2.1680889060941038,-9.017626010241362e-05,-8.371688917902418e-05
0.9537372069999037,1.0168917449026709,-0.010673595322179017,-0.0011409310122790783,1.121004104894713,-0.014158067321861423,-0.006778770207987005,0.10417065348853846,-0.005637839195707927,2.040830036384714,0.0,0.012952554390560698,2.103091374060886,1.5079318250514035e-54,0.0
0.9681819809993613,1.0887676318651514,-0.015673585827042872,-0.0010711710997755005,-16.53689232478738,-17.82242725759812,0.5753423804460183,25.054827184290804,0.5764135515457938,2.040830036384714,0.0,-0.0007016821703646186,2.2110537023852097,-7.692096131500866e-05,-7.13829873866888e-05
0.9736515979993783,1.1101568293801303,-0.01569636377771956,-0.0010581087658823138,1.1637998994003325,-0.014449570885508023,-0.006780039789121228,0.05365755728421099,-0.005721931023238915,2.040830036384714,0.0,-0.005754486771456913,2.146097890110253,1.5337673141679622e-54,0.0
0.987975481999456,1.131863758130118,-0.01571944747912306,-0.0011482867948739658,-16.500246966455784,-17.79866157849478,0.5753423804460183,25.04245114678491,0.5764906672408923,2.040830036384714,0.0,-0.022036368923811264,2.252100961394504,-6.604569827319645e-05,-6.127076761097056e-05
0.993678705000093,1.1509913694496887,-0.015741411472272437,-0.0013548220624091621,1.2095955171193182,-0.014761327792332857,-0.006781179859511988,0.058612342455351726,-0.005426357797102825,2.040830036384714,0.0,-0.022036368923811264,2.1893085540251045,1.5594065686439662e-54,0.0
1.0083374569994703,1.1824924831749,-0.01578560939268948,-0.0014167306877012082,-16.465052404926496,-17.77583678720964,0.5753423804460183,25.037077673247552,0.5767591111337195,2.040830036384714,0.0,-0.004455066976837771,2.295173930777218,-5.625530136177198e-05,-5.2169794369818976e-05
1.0136077600000135,1.1917752906187271,-0.0157987551859189,-0.0014039202926280458,1.255988328061607,-0.015076994901749186,-0.0067821452851802855,0.06421709363984415,-0.005378224992552239,2.040830036384714,0.0,0.0031556425880359404,2.229991367738096,1.5842617679743257e-54,0.0
1.027702173999387,1.2122161518570793,-0.01582732911598713,-0.0013664817899139592,-16.427291422618367,-17.75134759051408,0.5753423804460183,25.014014200292582,0.5767088622359322,2.040830036384714,0.0,0.005213557047715132,2.3379722226976245,-4.794341539437385e-05,-4.444604617153246e-05
1.033240391999243,1.243770180298239,-0.015870103100870357,-0.0013122578768661791,1.3032828998933894,-0.015398666521555526,-0.00678296836046821,0.05951458683431576,-0.005470710483602031,2.847709722091352,0.0,0.0035689384770000976,2.2750922727391143,1.611398397838286e-54,0.0
1.047796298999856,1.2777127438588847,-0.01591454332910284,-0.001311773367348733,-16.388473690660852,-17.72617305809788,0.5753423804460183,25.014943529801325,0.576654153813367,2.847709722091352,0.0,-0.00866617918806288,2.3807744243267193,-4.083842359850184e-05,-3.784722205629831e-05
1.0535152610000296,1.2965005464670474,-0.015939188682331393,-0.0013689486485138742,1.3513500070721816,-0.015725481556190468,-0.006783667994804787,0.05484987693158418,-0.005414719346290913,2.847709722091352,0.0,-0.00866617918806288,2.3159376222506003,1.6357249502364185e-54,0.0
1.0678306659992813,1.3737504876657127,-0.023023364056613572,-0.0016780146557216712,-16.349317778908016,-17.70077920534043,0.5753423804460183,25.032183292027824,0.57702039510174,2.847709722091352,0.0,-0.014037126205953732,2.423462443078154,-3.478411711549376e-05,-3.222696621738724e-05
1.0730759099997158,1.4067085597557607,-0.02307932519525583,-0.0018235127633624679,1.400098894147738,-0.016056838740930668,-0.006784261728045692,0.009643806066645036,-0.004960748964683224,2.847709722091352,0.0,0.0007405622368577836,2.3586254606312678,1.661779337069828e-54,0.0
1.0883603319998656,1.4376223198717375,-0.023135140286199944,-0.0017772806924748231,-16.30914734228746,-17.674727400974746,0.5753423804460183,25.030512235656182,0.5771196611384931,2.847709722091352,0.0,-0.00048142444489946215,2.465974544329365,-2.9634483760208664e-05,-2.744829626756547e-05
1.0933380199994644,1.4604192841174979,-0.02317565693326132,-0.0017811346784010673,1.4498009734763333,-0.016394595831862868,-0.006784768336832503,0.012598861477656157,-0.005003633658431436,2.847709722091352,0.0,-0.00048142444489946215,2.4015934103937955,1.687450862287853e-54,0.0
1.1078031439992628,1.5019055915203268,-0.023248707373141206,-0.0017373628691181265,-16.268355918927632,-17.648272866979852,0.5753423804460183,25.028457219262005,0.5770797433151363,2.847709722091352,0.0,0.0021916295764042733,2.508539988130282,-2.5230773345425764e-05,-2.336348084244756e-05
1.1134057479994226,1.5172633477583148,-0.0232751507467412,-0.0017037707393357108,1.5004830581417314,-0.016738945360379676,-0.006785200505840305,0.018008334194731006,-0.005081429766504595,2.847709722091352,0.0,-0.0034286463255866722,2.4444192653086305,1.7131315849989388e-54,0.0
1.1278818369992223,1.552866592408025,-0.02333607770744204,-0.0017208221749394621,-16.226976952628306,-17.621437292722423,0.5753423804460183,25.016314733786867,0.5770632026209577,2.847709722091352,0.0,0.008166048366470797,2.5511756012646543,-2.146604688213993e-05,-1.9872900989315618e-05
1.1333409119997668,1.5730394330000073,-0.023370791613129525,-0.0016629747635299457,1.551966538360372,-0.017088682886853168,-0.006785567716327878,0.02198935602835893,-0.005122592952797933,2.847709722091352,0.0,0.008166048366470797,2.487077594783393,1.7391936869386287e-54,0.0
1.148596539999744,1.619059746948472,-0.02344826155063515,-0.0016303974904229319,-16.184653177489828,-17.593988979916166,0.5753423804460183,25.01391802640187,0.5769727779364412,2.847709722091352,0.0,0.008686054728864852,2.593741466001977,-1.8260622958766354e-05,-1.6902105675434493e-05
1.1537215149992335,1.6315129746501307,-0.02346849762786595,-0.0015813931272733598,1.6042514608967093,-0.01744381673112194,-0.006785879721146859,0.027919292828357475,-0.0052044865938734985,2.847709722091352,0.0,0.012140190688352374,2.5299286806806305,1.7647602227148034e-54,0.0
1.1679202659997827,1.655712090771925,-0.016053273785789343,-0.0015601667686150219,-16.14173947152706,-17.566158078228217,0.5753423804460183,24.9951087366967,0.5769025472146333,2.847709722091352,0.0,-0.0015732402492091618,2.636231312647404,-1.5531835359362806e-05,-1.4373975908674967e-05
1.1734633269998085,1.6871635888918668,-0.01610238059599616,-0.001569804769689128,1.657637905801328,-0.017806391556101864,-0.0067861461786268285,0.029574813867801274,-0.005216341408937701,2.847709722091352,0.0,0.005841570733479811,2.5726153524321136,1.790352553687569e-54,0.0
1.1879730659993584,1.7230411368804428,-0.016158143515282948,-0.0015047794429310685,-16.097766446105737,-17.537640174216747,0.5753423804460183,24.99166892110273,0.5768471598889493,2.847709722091352,0.0,0.012791668252921844,2.6788826598379254,-1.3197128351970119e-05,-1.2211773951651925e-05
1.1931769799994072,1.7412783090649053,-0.016185586457796906,-0.001422859534182982,1.7116826041939475,-0.01817340249954491,-0.006786371772022014,0.029662386273269885,-0.005363512237839032,2.847709722091352,0.0,0.012791668252921844,2.6156019475805485,1.8166017257826903e-54,0.0
1.208034325999506,1.7871472386107596,-0.01624943701613139,-0.0013389458637936302,-16.053457097957185,-17.508904154231686,0.5753423804460183,24.985598494926844,0.576681326309812,2.847709722091352,0.0,0.005506267730462571,2.7213526552848295,-1.121697015495448e-05,-1.0378624276709672e-05
1.213247831999979,1.798248689546542,-0.016264276625523585,-0.0013316772827909908,1.7666641910451242,-0.018546746656384783,-0.00678656375925657,0.031666863043690326,-0.005454886476465579,2.847709722091352,0.0,0.001552396317253229,2.6581785687597694,1.8421390400507686e-54,0.0
1.227841564999835,1.826726412780256,-0.016302589533923884,-0.0013587996210414441,-16.00836916598574,-17.479663197901814,0.5753423804460183,24.961161792705358,0.5767011800670597,2.847709722091352,0.0,0.0016327893012571286,2.76385411986916,-9.529027301737758e-06,-8.816506561354088e-06
1.2340945699997974,1.8549393464009014,-0.016340962336827258,-0.0013875286649312323,1.8225854259058536,-0.0189264467225686,-0.006786727069589492,0.03245706241958424,-0.00539919840465826,2.847709722091352,0.0,-0.00977531281402279,2.7007800954052463,1.8674603122445528e-54,0.0
1.2477211850000458,1.8855530325639218,-0.016383684678446028,-0.0014429148744813953,-15.962735611648815,-17.450068388133474,0.5753423804460183,24.949845087026397,0.5767852953204997,2.847709722091352,0.0,-0.002061407641351708,2.806383632750018,-8.091010730420947e-06,-7.486138204481103e-06
1.2535426979993645,1.9122525918336977,-0.01642220989639503,-0.001462242242143862,1.8791687883273531,-0.019310621877124623,-0.006786865296302236,0.033209651883403385,-0.005324623054158374,2.847709722091352,0.0,-0.002061407641351708,2.7431935281020308,1.893338590195527e-54,0.0
1.2677697369999805,1.9918556454875993,-0.019029993230156073,-0.0018557131438930695,-15.916225577244576,-17.419905153195657,0.5753423804460183,24.96977832125622,0.5771980935899114,2.847709722091352,0.0,0.0014539977082337224,2.8487443285170055,-6.87209657484994e-06,-6.358851408198765e-06
1.2732608869991964,2.006038822348271,-0.01905608302412562,-0.0018050201256851904,1.936633766417723,-0.01970076534918075,-0.0067869827627595756,0.06940804999438288,-0.004981962637074385,2.847709722091352,0.0,0.009680917796906453,2.7857219958052823,1.9188711177933162e-54,0.0
1.288276018999568,2.0452805684153375,-0.019126321536744158,-0.0017008393967239068,-15.86900989375834,-17.389284282409648,0.5753423804460183,24.95283932438958,0.5770432198427422,3.613834147475644,0.0,0.008531103408545978,2.891094990790134,-5.834895476580333e-06,-5.399864237693029e-06
1.2937602369993328,2.0830550096732,-0.019190205009181484,-0.0016110086397656338,1.9946526081507898,-0.02009465451474457,-0.006787082047910453,0.08840702813598886,-0.00517607340814482,3.613834147475644,0.0,0.009343458073179142,2.8282075248178065,1.9440683902575312e-54,0.0
1.3081097129997943,2.13437732416975,-0.019269200229241022,-0.0013786433984383842,-15.8211345087461,-17.358235574225265,0.5753423804460183,24.960772425959615,0.5767210238444567,3.613834147475644,0.0,0.0075874715700332135,2.9331961024106743,-4.957181963703633e-06,-4.5885865785582724e-06
1.313252449999709,2.150627182875928,-0.019291582097254848,-0.0013506854249572642,2.053908504715465,-0.020496929604228775,-0.006787166931989441,0.09672618863430828,-0.005436481507032177,3.613834147475644,0.0,0.006217616118969025,2.870614828605575,1.969889006856732e-54,0.0
1.3277907359997698,2.1868076759374273,-0.019340151477174026,-0.0013029194112412171,-15.772357042915614,-17.326601837971086,0.5753423804460183,24.94138938559109,0.5766452998572594,3.613834147475644,0.0,0.007886462784048167,2.9755541432764634,-4.2059783514830036e-06,-3.894423747259135e-06
1.3336054060000606,2.2266439590555476,-0.019391744672735755,-0.0012117559419741691,2.113835833255096,-0.02090375242828757,-0.006787238775696758,0.11281825833642074,-0.005575482833722589,3.613834147475644,0.0,0.01097603236634873,2.913151185414044,1.995387086828613e-54,0.0
1.347979022999425,2.276437811285788,-0.01945130799239964,-0.00115761146387029,-15.72542971518739,-17.29616797505523,0.5753423804460183,24.95099543574677,0.5764999919098885,3.613834147475644,0.0,0.010579366745280322,3.0177528625765224,-3.5695771032744956e-06,-3.3064519905018384e-06
1.35385192800004,2.276437811285788,-0.01945130799239964,-0.00115761146387029,2.1746492759683402,-0.02131658191022079,-0.006787299809526193,0.10180562444609728,-0.005629688345655902,3.613834147475644,0.0,-0.0007748683310870343,2.9534646812841987,2.019292256646225e-54,0.0
1.3677747659994566,2.3304750684997373,-0.01951391994377022,-0.0011243450205801059,-15.673073259846939,-17.262213150399123,0.5753423804460183,24.92866681479497,0.5764667254665984,3.613834147475644,0.0,0.011241346697795203,3.0599432129780593,-3.0285072248029756e-06,-2.806681091473342e-06
1.3742409569995289,2.3715081292086966,-0.01955960625619117,-0.0010088681354592042,2.236284461938253,-0.021734982330680053,-0.006787351598113945,0.13524116404088332,-0.005778483462654741,3.613834147475644,0.0,0.002534844668896868,2.997770477071311,2.0461355460832e-54,0.0
1.388898495999456,2.4107855536058045,-0.03211746371924666,-0.000820587589417603,-15.622207232891176,-17.229224915901487,0.5753423804460183,24.918453675133094,0.5761629680354358,3.613834147475644,0.0,-0.0006681107361083856,3.1020924825541303,-2.569102273449615e-06,-2.382420141798136e-06
1.3934444459991937,2.4394063455879977,-0.03214094959121806,-0.0008258788850490232,2.298930223263305,-0.022160236594090055,-0.006787395664786144,0.1408302367224917,-0.005961516779737121,3.613834147475644,0.0,-0.0006681107361083856,3.0401614723158095,2.0714964881790198e-54,0.0
1.4078971489998366,2.475484327021326,-0.03217181815727518,-0.0009594594549875944,-15.573597037797382,-17.197699660034257,0.5753423804460183,24.908325600170315,0.5763018399010058,3.613834147475644,0.0,-0.016177906540155534,3.144319279885779,-2.178018695725419e-06,-2.0212710667339844e-06
1.4134395839992067,2.510905760613078,-0.03220733902530246,-0.0011284506825555306,2.3622692623379318,-0.022590191711987728,-0.006787432969015073,0.14894729988134578,-0.005658982286459543,3.613834147475644,0.0,-0.013195973955283125,3.0800966771887786,2.0951363336678023e-54,0.0
1.428049982999255,2.5656409169839005,-0.03227119982484558,-0.0012377658720224532,-15.521634503683705,-17.164000305808614,0.5753423804460183,24.91276127417228,0.5765801463180407,3.613834147475644,0.0,0.0007251426132431496,3.1864066773957327,-1.8468604264194197e-06,-1.7155261049333134e-06
1.4335286649993577,2.590082053065156,-0.03230143344538127,-0.0012398797243922824,2.426518583047524,-0.02302631952586376,-0.0067874611165872345,0.1638262386262615,-0.005547581392194952,3.613834147475644,0.0,-0.003011670924596596,3.12441224955459,2.121921980696226e-54,0.0
1.448430272999758,2.640492812122681,-0.032363434560773514,-0.0011617546047543096,-15.468535060981994,-17.12956363024398,0.5753423804460183,24.904841799139216,0.5765041350507726,3.613834147475644,0.0,0.008194259403603956,3.2285127764287385,-1.0723290483308877e-06,-6.046520731270469e-07
1.4537991439992766,2.6559568918986707,-0.03238136870565801,-0.0011455042887497937,2.4918297322532155,-0.023469629081956045,-0.006787457893566717,0.16436892539773265,-0.005641953604816924,3.613834147475644,0.0,0.0038583181490376216,3.1645947332820343,2.1458025462512438e-54,0.0
1.4681547849995695,2.6978532572421434,-0.05344444707861523,-6.478245685680542e-05,-15.414727557182486,-17.094667754562273,0.5753423804460183,24.869034472101795,0.5754071629028751,3.613834147475644,0.0,0.01261278545871551,3.270725197108629,2.9266061750262934e-07,3.872006811050607e-07
1.4733706159995563,2.712945133941204,-0.053445379407069574,-1.2967138691939672e-05,2.558170230025391,-0.023919911895497803,-0.006787456099817346,0.1575659357663516,-0.006774488961125405,3.613834147475644,0.0,0.012407467243672577,3.206958779108282,2.1709218378741782e-54,0.0
1.4882454579992554,2.749144614907722,-0.05344521994732174,6.629497606675352e-05,-15.360343138439736,-17.05939773121125,0.5753423804460183,24.842624006010425,0.5752760854699515,3.613834147475644,0.0,0.009211952638257095,3.313015454140077,2.5123662286973496e-07,-1.3071299023983434e-07
1.4938542820000293,2.7902431829208356,-0.053441995520837414,0.00018085388820594244,2.6249991041771388,-0.024373515960662395,-0.0067874579753318676,0.1677813519548385,-0.00696831186353781,3.613834147475644,0.0,0.020220990003922412,3.249185819406109,2.1964511991244532e-54,0.0
1.5080579579998812,2.832810787383881,-0.053435175678802516,9.42322926466546e-05,-15.305308464008066,-17.023705996387303,0.5753423804460183,24.83911153213628,0.5752481481533717,3.613834147475644,0.0,0.0055618253258368534,3.3550515865918404,-9.189171230756399e-08,-1.4601345133273883e-08
1.513415124999483,2.8574854370649514,-0.053432850529985934,0.000132207497515285,2.692723483641891,-0.024833201277618677,-0.0067874577799834634,0.16722571941283784,-0.006919665277498749,3.613834147475644,0.0,0.0055618253258368534,3.2913302656749783,2.221332896009781e-54,0.0
1.52949433699996,2.893656484564708,-0.053426906448092,0.00022277810848333579,-15.249590417015915,-16.98757107274709,0.5753423804460183,24.818191851476875,0.5751196023375349,3.613834147475644,0.0,0.005583148380842162,3.397085853471608,-5.3437119745739e-08,2.3660941231697853e-10
1.534422889999405,2.9307287074485,-0.05341815777691948,0.0002742543791801397,2.7608001103785984,-0.025295275722997612,-0.006787458135283475,0.1722400203122485,-0.007061712514463614,4.377430869699907,0.0,-0.004023042857633683,3.3334235927948734,2.2462780777121823e-54,0.0
1.5481837039997117,2.9802243213627215,-0.053404803081572874,0.00023943121931082264,-15.19279266472776,-16.95073592592012,0.5753423804460183,24.81488153208839,0.5751029492267073,4.377430869699907,0.0,0.011304544330810106,3.4387841657947336,2.3645974383938668e-08,-2.389667205910697e-08
1.5544276450000325,3.0185715508041553,-0.053395621557495075,0.0003384614451473275,2.83004904499334,-0.025765306814942157,-0.006787458468926366,0.19053653059180392,-0.007125919914073694,4.377430869699907,0.0,0.011304544330810106,3.375762331567141,2.271820894381564e-54,0.0
1.5678717289993074,3.1988230840469716,-0.05224384742712969,-0.00047751148877917145,-15.135674347687969,-16.91369288266735,0.5753423804460183,24.909079863421262,0.5758198919347974,4.377430869699907,0.0,-0.0035731541648114226,3.4806627521083806,7.510770822133707e-09,-1.1009678516973962e-08
1.5742694049995407,3.2187987503717945,-0.052253448275959624,-0.000528026479053872,2.9003186113550643,-0.026242265952401533,-0.006787458702253724,0.31954057731997854,-0.0062594322231998515,4.377430869699907,0.0,-0.011069761011971664,3.4177764397272137,2.2967033692331294e-54,0.0
1.5886540069996045,3.2844335253812704,-0.05229274594101171,-0.0007635540696527383,-15.077497010502386,-16.8759630312049,0.5753423804460183,24.903742186103027,0.576105934515671,4.377430869699907,0.0,-0.008097549652999202,3.522615383946352,-7.019528238496941e-09,-1.3517006454686776e-08
1.593755305999366,3.310251599780799,-0.05231262995264144,-0.0008068492219056219,2.9704851399176295,-0.0267185257976581,-0.006787458980798467,0.3407290792043538,-0.005980609758892847,4.377430869699907,0.0,0.00869182897674781,3.4600116352489776,2.3214710842191315e-54,0.0
1.6078283110000484,3.3681215324266254,-0.0523578631211488,-0.0007171304484722135,-15.019022733382867,-16.83804060476149,0.5753423804460183,24.896711014804612,0.5760595108944905,4.377430869699907,0.0,0.004393517927808219,3.563978265403198,-2.77448165746536e-09,-1.3624050165240302e-08
1.613345940999352,3.3940335372995234,-0.05237644541200959,-0.0006911232102959578,3.041530859427982,-0.027200753138310052,-0.00678745923434787,0.35340055657577524,-0.006096336024051912,4.377430869699907,0.0,0.004393517927808219,3.501919778612187,2.3466841663905616e-54,0.0
1.6280172369997672,3.4383254496148687,-0.05240681680026804,-0.0006388795400549059,-14.960079932604563,-16.799814325840334,0.5753423804460183,24.87924795652659,0.5759812599860732,4.377430869699907,0.0,0.02315060126144718,3.605350547589669,-7.087266344386578e-11,-1.2276416349956192e-08
1.6336594049998894,3.486551964477862,-0.05243652128465355,-0.0003904743895042683,3.114196166888989,-0.027693973541508266,-0.006787459477428426,0.3731769468588159,-0.0063969850879241575,4.377430869699907,0.0,0.01538033362277804,3.5436267064937907,2.3711839887312906e-54,0.0
1.6480224930000986,3.5469277402438752,-0.05245928444792819,-0.00037883970286524236,-14.900052008234459,-16.76088430979545,0.5753423804460183,24.889004171891433,0.5757212201488835,4.377430869699907,0.0,0.013289405178678078,3.647145695938517,-9.044287638102105e-10,-1.2043065163821805e-08
1.6546898480000891,3.569446808746701,-0.052467815565556734,-0.0003104742492547419,3.1877686649825647,-0.028193351593040372,-0.006787459715036026,0.3824492842566051,-0.006476985465781284,4.377430869699907,0.0,0.013289405178678078,3.5855715521476377,2.3958960424251044e-54,0.0
1.667927798999699,3.613063481156829,-0.05248010436746839,-0.0002586796921489124,-14.83899375474507,-16.721286092583092,0.5753423804460183,24.86619209508711,0.5756010601381671,4.377430869699907,0.0,-0.006492615412944771,3.688943886397159,-1.3552092198425312e-09,-1.158209390796316e-08
1.6743815969994102,3.656810610942853,-0.05249304707174583,-0.0003738571989749419,3.2619716738112308,-0.028697009294114117,-0.006787459940886142,0.3955553535083851,-0.0064136027419112,4.377430869699907,0.0,0.003013206661510881,3.6277088849036074,2.4211646013873575e-54,0.0
1.688385100999767,3.7136473332472097,-0.052513872677670985,-0.00034399735879429773,-14.777767922807266,-16.68157919542296,0.5753423804460183,24.8688208743393,0.5756863778048126,4.377430869699907,0.0,-0.00781881218040926,3.730600842114119,-1.1138923992662986e-09,-1.1075059708331574e-08
1.6937849469995854,3.7424701131829763,-0.052523787638233094,-0.00039547959183853165,3.3372708716569512,-0.029208107460597432,-0.006787460158016234,0.40586949414240503,-0.006391980566177702,4.377430869699907,0.0,-0.00781881218040926,3.66944166162354,2.445739959340541e-54,0.0
1.7085481839994827,3.8287232740459474,-0.05434656889503051,-0.0006872211865420275,-14.71605206529737,-16.64155450111118,0.5753423804460183,24.880598050957104,0.5760296016325603,4.377430869699907,0.0,-0.018229631876645516,3.772368832849428,-9.718097377707146e-10,-1.0599279466197207e-08
1.713484647999394,3.8444741997770553,-0.05435749255372121,-0.0007504977341239318,3.4128370874627736,-0.029721018043313396,-0.00678746036469724,0.432339626455075,-0.006036962630573308,4.377430869699907,0.0,-0.01826963213713042,3.711000877378422,2.469968324480954e-54,0.0
1.7282927030000792,3.915346051753324,-0.05441713418753263,-0.0009461493293247194,-14.656524723917856,-16.60294912903925,0.5753423804460183,24.875053674170438,0.5762885297753428,4.377430869699907,0.0,0.008616710046009586,3.8137885138187677,-9.618381546611014e-10,-1.0139463431155926e-08
1.7333840719993532,3.9322857034426937,-0.05443311236578851,-0.0009348893037710524,3.4897928334522432,-0.03024336016720852,-0.006787460563090875,0.4431535671793858,-0.0058525712593198225,4.377430869699907,0.0,0.0024873290657118122,3.7506234345361387,2.49368775548006e-54,0.0
1.7482730179999635,4.000118410951525,-0.054496170061646323,-0.0010046296313963319,-14.592912245515473,-16.561694415822927,0.5753423804460183,24.863394436745477,0.5763470100774146,4.377430869699907,0.0,-0.020642892461548646,3.8554873115130115,-9.29221472255302e-10,-9.688851654402768e-09
1.7541854430000967,4.027589637170987,-0.05452449113264246,-0.0011096013849294017,3.567109821298545,-0.030768154257476255,-0.0067874607514138985,0.46109220809686685,-0.005677859366484498,4.377430869699907,0.0,0.0014846256605870623,3.792473143022847,2.518164121519242e-54,0.0
1.768102904999978,4.044018189621863,-0.06326135453851332,-0.0008355529278703574,-14.528056655171325,-16.519633505018632,0.5753423804460183,24.813990980809546,0.5761779333738887,4.377430869699907,0.0,-0.006424929130544871,3.8968987554333574,-8.753871963071489e-10,-9.229401222868717e-09
1.7745099109997682,4.071085524268022,-0.06328397073448974,-0.0008752807437369902,3.64588174617185,-0.031302823840853256,-0.006787460932610734,0.42640479202735415,-0.005912180188873743,4.377430869699907,0.0,-0.006424929130544871,3.834638625494116,2.542818526878108e-54,0.0
1.7884787989996767,4.117180621866367,-0.06332437379094072,-0.0008689121675791659,-14.463079932170034,-16.477494035837786,0.5753423804460183,24.792156984626008,0.5762112926135974,5.099919359339525,0.0,0.007433276106511554,3.93860566131083,-8.25868815475052e-10,-8.770922248249999e-09
1.7935610419999648,4.172673770098215,-0.06337206858608456,-0.0007875587347524495,3.7252998211381785,-0.03184187922308901,-0.006787461104118986,0.44848367088374996,-0.005999902369366536,5.099919359339525,0.0,0.0018329318974490676,3.8763931443586555,2.5676961564043203e-54,0.0
1.80903440199927,4.2253326235408375,-0.0634133836652383,-0.0007541023384529045,-14.397006084260541,-16.434643046298245,0.5753423804460183,24.795335440658032,0.5760964827844711,5.099919359339525,0.0,0.032759427635911574,3.980186173671066,-7.818737519136812e-10,-8.36474664420691e-09
1.8138169889998608,4.2675212325919105,-0.06344519820001045,-0.0004831029400585048,3.805594683543502,-0.03238688587024341,-0.00678746129003438,0.4629694973543561,-0.006304358349975875,5.099919359339525,0.0,0.032759427635911574,3.9180664107789482,2.5517339027362452e-54,0.0
1.829078675999881,4.318528884526261,-0.06346583762755248,-0.00024518014317865096,-14.33070015174449,-16.39164154251801,0.5753423804460183,24.787155252207924,0.5755875605891969,5.099919359339525,0.0,0.010939801593844759,4.021243313844282,-7.550778955102014e-10,-8.847138855405662e-09
1.8344970709995323,4.369369959148066,-0.06347723523094294,-0.00013638958922592478,3.8823759037029415,-0.0329080434546718,-0.00678746144518838,0.48795254433678603,-0.006651071855962455,5.099919359339525,0.0,0.009672068115256081,3.9588904360531427,2.5376098742258885e-54,0.0
1.8490915189995576,4.426460840416061,-0.06348443198520276,-3.272876570768735e-05,-14.263694277921532,-16.348186104563066,0.5753423804460183,24.789380930398025,0.575375109211726,5.099919359339525,0.0,0.004431726256407191,4.059794264580461,-8.235348588858702e-10,-7.720998792186913e-09
1.8542730929993922,4.493695085469202,-0.0664405491064477,-0.0009642685428046889,3.9686642547739583,-0.033493731327804976,-0.006787461607793754,0.5260635569798358,-0.005823193064989065,5.099919359339525,0.0,0.004431726256407191,3.9996877763593472,2.580310767155774e-54,0.0
1.8692274129998623,4.574916988619242,-0.06651926541374556,-0.0010234220526091774,-14.196031414035252,-16.30430458767944,0.5753423804460183,24.819632876154806,0.5763658024986275,5.099919359339525,0.0,-0.010477758380746244,4.102653895794303,-6.806783149351428e-10,-7.703565932143727e-09
1.8744680739991963,4.595600916829813,-0.06654042432226148,-0.0010221431462391459,4.047092155490818,-0.034026065885934376,-0.006787461750317081,0.5494716050626866,-0.005765318604077935,5.099919359339525,0.0,0.00021906098208113937,4.040433621664157,2.6096520176027037e-54,0.0
1.8893042139998215,4.6557193967973864,-0.0666019108469938,-0.0010370795762580062,-14.127382430278557,-16.259783540730766,0.5753423804460183,24.799678335508887,0.5763794600222762,5.099919359339525,0.0,0.0077205851562447535,4.1411925791065185,-6.505340127423715e-10,-7.257404505085396e-09
1.8946247639996727,4.705532997821569,-0.0666530788694607,-0.0009635159005665965,4.130700727904556,-0.03459356460693197,-0.006787461891804014,0.5757255865364114,-0.005823945991237417,5.099919359339525,0.0,-0.010192730489698728,4.0813246671470225,2.6293414752146317e-54,0.0
1.908217053000044,4.77670535519221,-0.06672993984028869,-0.0012641083553570943,-14.058397982621118,-16.215044934784746,0.5753423804460183,24.809860840441143,0.5766064888013753,5.099919359339525,0.0,0.0015870497775759343,4.1818506477523965,-6.29560660448082e-10,-6.842382867195056e-09
1.9135930729999018,4.799528072286508,-0.06675807922165194,-0.0011570380061286388,4.215421325781943,-0.03516861128522919,-0.006787462025706348,0.5849603283955712,-0.0056304240195777094,5.099919359339525,0.0,0.02413757524086181,4.121978477189975,2.651958234953889e-54,0.0
1.928114089999326,4.872210594986415,-0.06683769074862857,-0.0009517770374342879,-13.98885063414525,-16.169941269774583,0.5753423804460183,24.80019305501254,0.5762941574834526,5.099919359339525,0.0,0.006072383274619161,4.222625423512013,-5.856897974581389e-10,-6.480327530572808e-09
1.9335826689994065,4.906101793267578,-0.06686979499984361,-0.0009171837437921475,4.300625033549111,-0.03574693711407129,-0.0067874621516556,0.6062761242554026,-0.005870278407863453,5.099919359339525,0.0,-0.0007010255050431489,4.162527554338732,2.6754439021758153e-54,0.0
1.9481675279994306,4.977296044272767,-0.06694021811283904,-0.0011042122230344271,-13.919026262144472,-16.12465794620746,0.5753423804460183,24.797606645464114,0.5764465926690527,5.099919359339525,0.0,-0.019074498230690583,4.263205251422081,-5.47975969612927e-10,-6.082337527936193e-09
1.9545411849994707,5.004274761542599,-0.06697000835431777,-0.001205116918245495,4.387020877837197,-0.03633335465849097,-0.006787462270784417,0.6180137227433384,-0.0055823453525389215,5.099919359339525,0.0,-0.019074498230690583,4.202814677972124,2.698433256377645e-54,0.0
1.9681093669996699,5.061028787583284,-0.06704297359950416,-0.0014268811728599476,-13.851445727246068,-16.080829822288074,0.5753423804460183,24.781506441483753,0.5767692616188781,5.099919359339525,0.0,-0.02413601134217251,4.3039266328243455,-5.113779606187465e-10,-5.7210755215719444e-09
1.9737137359998087,5.065301510396203,-0.06704907027138035,-0.0014530358024528625,4.473628661986597,-0.036921210767975055,-0.006787462381409037,0.5924394040434804,-0.005334426578956174,5.099919359339525,0.0,-0.03121811824703527,4.243586717834907,2.721890971228564e-54,0.0
1.9883509470000718,5.106890813304362,-0.0793456426158707,-0.0014327949544958112,-13.77921184347206,-16.03398385378567,0.5753423804460183,24.72317443233407,0.576775175400514,5.099919359339525,0.0,-0.0035321160083154213,4.344340316728796,-4.764850613149608e-10,-5.366107526391675e-09
1.993569756999932,5.1580953962926905,-0.07941838858259534,-0.001344850755139072,4.560855302999353,-0.03751326741824412,-0.006787462484847517,0.5987084166911584,-0.005442611729708445,5.099919359339525,0.0,0.014300980989188332,4.282256717068897,2.743538086747695e-54,0.0
2.0082979399994656,5.217010099491238,-0.07949648982652982,-0.0011859192789720318,-13.706580230262423,-15.98687994510838,0.5753423804460183,24.721389915652416,0.5765282997249903,5.099919359339525,0.0,0.02090898339822219,4.384631225324096,-4.4353383049893846e-10,-5.0067372555712405e-09
2.014722917999279,5.260243161574267,-0.07954776077237899,-0.0010086694149404336,4.649465057461377,-0.03811471205153838,-0.006787462582137693,0.6121818275561922,-0.0057787931671972595,5.099919359339525,0.0,0.02090898339822219,4.322899526652367,2.766275366804013e-54,0.0
2.0294593909993637,5.341155005501302,-0.07962710425704894,-0.0009712770041800192,-13.632760565466763,-15.939005547233075,0.5753423804460183,24.729119610122737,0.5763136574501982,5.099919359339525,0.0,-0.006473665491066994,4.425148086158648,-4.1028371776758726e-10,-4.661672810837483e-09
2.0347054719995867,5.370775082745041,-0.07965639378983075,-0.0010384573432118014,4.738910595867233,-0.03872182963188786,-0.006787462672162126,0.6331890462730361,-0.005749005328950324,5.7317619829444375,0.0,-0.011880437385019383,4.363790127223655,2.789866832855272e-54,0.0
2.0493355869994048,5.419783945489762,-0.07970731316139242,-0.001047022665548839,-13.559026607591461,-15.891186733018541,0.5753423804460183,24.70218879885573,0.576389403111567,5.7317619829444375,0.0,-0.00930942608130426,4.465649503195985,-3.7810445850570275e-10,-4.3274354992707165e-09
2.0555243629996767,5.485613766804452,-0.07977711502581941,-0.001170106348899122,4.828892557211962,-0.039332588229879395,-0.006787462980204163,0.6579654298489935,-0.005617356631305041,5.7317619829444375,0.0,-0.023772998441406092,4.4010506628928185,2.3861440073203943e-54,0.0
2.069208147999234,5.645922151361664,-0.0829297710209291,-0.0016083494058773582,-13.484790793928218,-15.843042449381535,0.5753423804460183,24.786394038457967,0.5769507298518957,5.7317619829444375,0.0,-0.006968596789705833,4.499265265885137,-4.164126560234125e-10,-1.4410409405884179e-08
2.0747423119992163,5.677454082023751,-0.08298078489818056,-0.0016466855403887506,4.914935804113406,-0.03991661258329682,-0.006787463175916497,0.7637333612488882,-0.005140777635527747,5.7317619829444375,0.0,-0.006968596789705833,4.430397004277071,1.7828758823440196e-54,0.0
2.0895744749996084,5.734848094848886,-0.08307637535896975,-0.001671054790865674,-13.409922541675693,-15.794488009226766,0.5753423804460183,24.766321855575768,0.577013435236884,5.7317619829444375,0.0,0.008457936451979713,4.52721572298626,-1.4973874777232913e-09,-7.563033701344758e-09
2.0949981999992815,5.798794747910163,-0.08318218611427307,-0.0014992528438374344,5.006551545243614,-0.04053846063261979,-0.006787463349777535,0.7933900550765088,-0.0052882105059400995,5.7317619829444375,0.0,0.014054002650971982,4.459868056973031,1.9675376421633882e-54,0.0
2.108174496999709,5.861030485902181,-0.08327643196098959,-0.0015805890474783265,-13.334455266431329,-15.745545083630795,0.5753423804460183,24.774449188329445,0.5769229694934965,5.7317619829444375,0.0,0.014326286057788866,4.55671728221488,-7.566466913297934e-10,-1.0016909148256865e-08
2.114139100999637,5.906788275156577,-0.08334875628175029,-0.0014662193302716093,5.09852246536963,-0.04116271949114658,-0.0067874635517339845,0.8093659746805816,-0.0053212442214623755,5.7317619829444375,0.0,0.014326286057788866,4.489356374449799,2.0685217621286408e-54,0.0
2.12944927099943,5.9640757155778035,-0.08343198281126901,-0.0013979424652154535,-13.258838529977728,-15.69650522769224,0.5753423804460183,24.764662086166243,0.5767403229112337,5.7317619829444375,0.0,0.008106883234795718,4.5861226275696465,-6.66488036958682e-10,-9.632053202993592e-09
2.1350474599994413,6.016054085971337,-0.08350445591042364,-0.0013581776586299213,5.190957389151341,-0.04179012782556857,-0.006787463738084809,0.8261504973495077,-0.005429286079454887,5.7317619829444375,0.0,-0.010695017891904348,4.5186881656031535,2.0576708254640148e-54,0.0
2.1491810289999194,6.087325516774933,-0.08359970628567841,-0.0012429676681339217,-13.182414797439089,-15.646942009154222,0.5753423804460183,24.76975000708531,0.5765853481141522,5.7317619829444375,0.0,-0.01711416106253241,4.615462893557265,-7.722359548966611e-10,-9.074169134335228e-09
2.154505722000067,6.136225043513926,-0.0836604868477034,-0.0013889742583335343,5.283908221354928,-0.04242103794075058,-0.006787463918531134,0.8533139266889777,-0.005398489660197599,5.7317619829444375,0.0,-0.01711416106253241,4.548121732610854,2.0568892887941043e-54,0.0
2.168432187999315,6.2391972091467816,-0.0935243403125752,-0.002305064739733435,-13.10582338885263,-15.597270047372117,0.5753423804460183,24.791045820743197,0.5776474451857517,5.7317619829444375,0.0,-0.03032468590726378,4.644763926807364,-7.249141771954471e-10,-8.905910604512432e-09
2.1737780349994864,6.260179293080683,-0.09357282045154267,-0.002323499166173899,5.378162763405967,-0.04306079709120203,-0.006787464095518447,0.8834617270280498,-0.004463964929344548,5.7317619829444375,0.0,-0.0040779306317486426,4.5774064086345785,2.071371570479132e-54,0.0
2.188637399000072,6.317264388462011,-0.09370577497196601,-0.002385083808747206,-13.028370750795938,-15.547039550917251,0.5753423804460183,24.76003077001447,0.5777274642547655,5.7317619829444375,0.0,-0.023661009827781024,4.674264052923623,-6.836036759341437e-10,-8.60008972321273e-09
2.1938091949996306,6.381987145918996,-0.09386189529026268,-0.0026240687724978385,5.472033868440682,-0.043697953652197974,-0.006787464264900178,0.9113349484323492,-0.00416339549240234,5.7317619829444375,0.0,0.02010485110917411,4.606807874877063,2.0847575978709786e-54,0.0
2.208502877999308,6.460499778033143,-0.09406229456332213,-0.0023775979126916054,-12.951150864667147,-15.49696000148217,0.5753423804460183,24.780263082623893,0.5777199783587099,5.7317619829444375,0.0,-0.00616576792197487,4.703434654723595,-6.568414474892813e-10,-8.32382095175607e-09
2.213959775999683,6.49627617918998,-0.09414756587542199,-0.0024028875554275835,5.566315086655881,-0.044337893899617065,-0.006787464428393508,0.9312940658296672,-0.004384576872965925,5.7317619829444375,0.0,0.015804100618220872,4.635916535996587,2.0964384761581207e-54,0.0
2.2282094929996674,6.577811680492962,-0.09433429550979444,-0.0020756818563665916,-12.876854070938029,-15.448776170335105,0.5753423804460183,24.78392432177138,0.5774180623023849,5.7317619829444375,0.0,-0.005000483280725846,4.732535690673383,-6.301010592044512e-10,-8.06216712663268e-09
2.233661960999598,6.60413700733344,-0.0943890885218139,-0.002098648553563529,5.6617418577634195,-0.04498560968079213,-0.0067874645875973805,0.9436892081902266,-0.004688816034033851,5.7317619829444375,0.0,-0.005000483280725846,4.663729994631137,2.1072774238356903e-54,0.0
2.24823211399962,6.661550104145405,-0.09451006213796158,-0.0020998733484166505,-12.797799323067364,-15.39750665476675,0.5753423804460183,24.75576669877898,0.5774422537944349,5.7317619829444375,0.0,0.006919126498741736,4.7617863448449675,-6.036501562928358e-10,-7.79233625983088e-09
2.254360169999927,6.728755940258633,-0.09465047561724095,-0.0020148642404933543,5.757818730723735,-0.04563773808750371,-0.006787464741798366,0.9721734995871743,-0.0047726005013050115,5.7317619829444375,0.0,0.011270091147574155,4.6931233079089365,2.1189979009918553e-54,0.0
2.268254564999552,6.789232862759696,-0.09477392892264268,-0.0020847546360881,-12.718565378548941,-15.346120924479234,0.5753423804460183,24.762022885912966,0.5774271350821064,5.7317619829444375,0.0,0.021176738612514102,4.791030790758542,-5.771542671158002e-10,-7.537145823545974e-09
2.2740589629993337,6.833476466154752,-0.09486616611356494,-0.0019212905454263941,5.84909557917363,-0.046257286009455445,-0.006787464882527239,0.9855803132564674,-0.004866174337100845,5.7317619829444375,0.0,0.021176738612514102,4.7223803248500635,2.1310186182993376e-54,0.0
2.2887440059994333,6.874573443678853,-0.09864375942417446,-0.0017003215157596866,-12.638701822458351,-15.294326871084369,0.5753423804460183,24.732098512702816,0.577042701961778,6.43368301939571,0.0,0.013734398502525003,4.820174533230116,-5.52102319962707e-10,-7.288958215426381e-09
2.2937961789994006,6.925077345663093,-0.09872804409329877,-0.0015539175910152152,5.945974354628206,-0.04691485741163781,-0.006787465026246831,0.9804729845169479,-0.005233547435231615,6.43368301939571,0.0,0.01398121890122296,4.751663334815981,2.1425736925883116e-54,0.0
2.3082932089992028,7.000231156322177,-0.09884326316366594,-0.0013801651897171533,-12.557916994971437,-15.241935343920138,0.5753423804460183,24.735286472451037,0.5767225456357353,6.43368301939571,0.0,0.027817981515063477,4.849270613328506,-5.282649774898565e-10,-7.038151184513806e-09
2.314119632999791,7.0650955315227435,-0.09893020915428748,-0.0011293392953794312,6.048307794020997,-0.04760945273755057,-0.006787465185881136,1.0180820807641724,-0.0056581258905017045,6.43368301939571,0.0,-0.0032991763930126077,4.781080689821972,2.154232706032629e-54,0.0
2.3284219909992316,7.157110105352081,-0.099034565654541,-0.0011353240507931753,-12.477592869025754,-15.189842596341913,0.5753423804460183,24.76396672407513,0.5764777044968115,6.43368301939571,0.0,-0.020225742233157738,4.87725776473933,-4.4715388211329547e-10,-1.9032085963035527e-08
2.334013488999517,7.1826067336024275,-0.099063590254131,-0.0011940546224761604,6.141053729015637,-0.04823897223991347,-0.006787465550230022,1.0427923106544577,-0.005593410927753862,6.43368301939571,0.0,-0.01481974923187533,4.800251394631933,1.1825073957007473e-54,0.0
2.348256362999564,7.249787321600027,-0.0991448524339695,-0.001301172107733282,-12.396668839544985,-15.137360792262212,0.5753423804460183,24.741284896801478,0.5766435525537515,6.43368301939571,0.0,-0.02343500076822494,4.892552092382248,-1.0776301537363868e-09,-1.2065078602200957e-08
2.354858788999991,7.3243659372342185,-0.09924487680538085,-0.0015620706400014512,6.2447681461430715,-0.048942941121370875,-0.0067874657756344945,1.0807690203102798,-0.005225395135633044,6.43368301939571,0.0,-0.0016401713908036682,4.81718670354142,1.0763718580825869e-54,0.0
2.3686436419993697,7.461262188329724,-0.11586478931861555,-0.001499063148751052,-12.315801753047149,-15.084915917516026,0.5753423804460183,24.80332134654344,0.5768414435947693,6.43368301939571,0.0,-0.003041154651317407,4.910407338052312,-1.0750459910370023e-09,-1.1240605177749268e-08
2.373828873000093,7.499757139491928,-0.11592249572454154,-0.0015172594495269287,6.338184842008676,-0.04957701351151789,-0.006787466000309106,1.1634654809192229,-0.005270206550782177,6.43368301939571,0.0,-0.003041154651317407,4.834108416062493,1.2344985727219863e-54,0.0
2.388889349999772,7.564176664071427,-0.1160210362401895,-0.0015961680895744043,-12.23358784932163,-15.031597589009221,0.5753423804460183,24.787615932745098,0.5769385485355927,6.43368301939571,0.0,-0.014449100459109073,4.926397268839906,-7.475714139125762e-10,-1.1983772249146918e-08
2.3939512399992964,7.6385972542404375,-0.11614304126020751,-0.0017516658486904611,6.437370701325445,-0.05025024452489513,-0.006787466234666528,1.2030324567897723,-0.005035800385976067,6.43368301939571,0.0,-0.0081335457445889,4.851242541602387,1.2593036067281852e-54,0.0
2.4083566829995107,7.698700341737626,-0.1162475769767915,-0.0016339355546717144,-12.151941435869817,-14.978647295974115,0.5753423804460183,24.797961698295804,0.57697631600069,6.43368301939571,0.0,-0.02700978370817292,4.943315788280205,-7.902719912802917e-10,-1.1379922361182202e-08
2.4141920229994867,7.760409441118401,-0.11634840575804557,-0.0018930020406917542,6.536556835879653,-0.050923477429927644,-0.006787466459826862,1.225600106313805,-0.004894464419135108,6.43368301939571,0.0,-0.02700978370817292,4.868187342675462,1.2457007586939607e-54,0.0
2.428423708000082,7.821679806915237,-0.11646853805481881,-0.0020116051160684483,-12.0700236297868,-14.92552099619551,0.5753423804460183,24.79894958101384,0.5773539855620867,6.43368301939571,0.0,-0.004124531344518628,4.960164188483782,-7.926156140275621e-10,-1.1142194953445076e-08
2.4337545989992577,7.889002959646182,-0.11660485601176007,-0.002043217061849547,6.636546357526218,-0.0516021634034769,-0.0067874666819705,1.2541422926606904,-0.004744249620120953,6.43368301939571,0.0,0.01111497981464024,4.885118234399423,1.2462525450850976e-54,0.0
2.4488366039995526,7.959659289776363,-0.1167485301804458,-0.001932137105038626,-11.987414960112703,-14.871946649429315,0.5753423804460183,24.811320856997373,0.5772745175510567,6.43368301939571,0.0,-0.0015787413566206963,4.9770784447306164,-7.55744003039722e-10,-1.0918313285868621e-08
2.4547468000000663,8.026398036256989,-0.11687756169193843,-0.001931002251115784,6.737209627980351,-0.052285422516311186,-0.00678746689974441,1.2908055223301975,-0.004856464648628626,6.43368301939571,0.0,0.014615488066371182,4.902123441388806,1.2524089786004323e-54,0.0
2.4683309609999924,8.089810538082375,-0.1219087810128153,-0.0009596352958150712,-11.904563442438466,-14.81821480801973,0.5753423804460183,24.814439379368793,0.5763020157418334,6.43368301939571,0.0,0.007154368571713682,4.994041526086685,-7.283712514304211e-10,-1.0666418118071086e-08
2.4741811959993356,8.153697842446146,-0.12196960824914636,-0.000876099840058524,6.8370788929363435,-0.05296329228115226,-0.006787467110204725,1.3184260805414045,-0.005911367270146201,6.43368301939571,0.0,0.02067015434294944,4.919108514461672,1.2570473581533279e-54,0.0
2.488572584999929,8.240395914738667,-0.12204175626672109,-0.0007219326905728468,-11.82150914659267,-14.764351458523615,0.5753423804460183,24.837014073891375,0.5760643131365912,6.43368301939571,0.0,0.007509080916055388,5.0108039759246985,-7.045103838848365e-10,-1.0426653277376703e-08
2.4939101559994015,8.240395914738667,-0.12204175626672109,-0.0007219326905728468,6.937343109366583,-0.05364384282765755,-0.0067874673162248165,1.30484669143577,-0.0060655346256519695,6.43368301939571,0.0,0.007509080916055388,4.936066948857999,1.2608498168144005e-54,0.0
2.508342544999323,8.34574940014073,-0.12211450518936329,-0.0006539421354034884,-11.742520339697357,-14.713124707772725,0.5753423804460183,24.82813242820302,0.5759963225814217,6.43368301939571,0.0,0.010766774947397858,5.027564089493677,-6.804649325552896e-10,-1.0201320124904351e-08
2.5139166209992254,8.407486179519417,-0.12215409097154516,-0.0004916749681853113,7.037678660069446,-0.054324877580552045,-0.006787467517068491,1.371485852107459,-0.006295792548883179,6.43368301939571,0.0,0.0139786173467903,4.9521314967971755,1.2646288835767859e-54,0.0
2.5284013279997453,8.499258441153398,-0.12220388146647727,-0.0006097471371676153,-11.658908542452721,-14.658899800907607,0.5753423804460183,24.85291178902875,0.5759521275831859,6.43368301939571,0.0,0.017155250466316527,5.0442718546781995,-6.576902682311826e-10,-9.970650791224783e-09
2.533855571999993,8.529691201243336,-0.12222243775711791,-0.000528598949231853,7.139062966532931,-0.055013030858162004,-0.0067874677148399565,1.3922514110423763,-0.006258868765608103,6.43368301939571,0.0,0.017155250466316527,4.969068174690816,1.268559979430574e-54,0.0
2.548425729999508,8.59958104736946,-0.12225491098062465,-0.00039255777477750813,-11.574966754993836,-14.604460884904741,0.5753423804460183,24.83438481019824,0.5757349382207958,6.614601464442302,0.0,0.00692058557374344,5.06108785452557,-6.352251254190565e-10,-9.746442741485687e-09
2.5551722789996347,8.669502436902505,-0.12228151954951605,-0.0003175691776628847,7.2413250664083355,-0.05570714224129336,-0.00678746790936502,1.429728208193997,-0.0064698987317021355,6.614601464442302,0.0,0.00692058557374344,4.9860043870865365,1.2725667544442457e-54,0.0
2.568408532999456,8.707217327281342,-0.12909127659785669,-0.00032967835936224463,-11.489349154787728,-14.548935151094625,0.5753423804460183,24.815986682570124,0.5756720588053805,6.614601464442302,0.0,-0.011777710099820097,5.077958576404514,-6.126977881532016e-10,-9.783384077441483e-09
2.5739913130000787,8.763576141446608,-0.12910985687991944,-0.00043002874546617766,7.343999065417032,-0.05640404944157362,-0.0067874681486298485,1.4214377261153377,-0.006357439403163671,6.614601464442302,0.0,-0.011777710099820097,5.000745567053951,1.0329573884258734e-54,0.0
2.5894405039998674,8.866046131943978,-0.12916067865962763,-0.0006648187691315215,-11.405036558399182,-14.49425575372025,0.5753423804460183,24.844974339979927,0.5760071992151498,6.614601464442302,0.0,-0.01314932574712803,5.09161050876559,-6.785525403175135e-10,-1.0639463432247243e-08
2.593989770999542,8.896046231079644,-0.12918063965027213,-0.0006490283506313646,7.441226456327271,-0.05706398741804364,-0.006787468341891589,1.456606119903294,-0.006138439991260225,6.614601464442302,0.0,0.003929144076965163,5.014481636317431,9.953759645217305e-55,0.0
2.6085147679996226,8.968656470371025,-0.12922753193524633,-0.0006187630916147678,-11.320587853358475,-14.43948808556077,0.5753423804460183,24.828149192814198,0.5759611435376331,6.614601464442302,0.0,-0.002383585109686624,5.105306803355057,-6.940034581973645e-10,-1.0074004900698188e-08
2.6141333969999323,9.036415724763486,-0.12926960301165552,-0.0006254844314775593,7.544085322376928,-0.05776214946001934,-0.0067874685457178785,1.4940426184686526,-0.006161984114240319,6.614601464442302,0.0,0.015769182939404096,5.028210091405723,1.0334290629451564e-54,0.0
2.628321434999634,9.123173625117865,-0.12931987293869202,-0.000458463849153436,-11.236379239862755,-14.384876124395936,0.5753423804460183,24.854220504783534,0.5758008442951716,6.614601464442302,0.0,0.007989162872025762,5.118269175718271,-6.133217525973356e-10,-1.0105673802237942e-08
2.635536250999394,9.160582679122577,-0.12933702363878583,-0.0004132809219055962,7.646402115174444,-0.058456632160020394,-0.006787468744751446,1.5158386491096165,-0.0063741878228458495,6.614601464442302,0.0,0.007989162872025762,5.041855108458562,1.0429388955457159e-54,0.0
2.6498249159994884,9.226531494659378,-0.12936405412248853,-0.0003549040285015287,-11.151760051081984,-14.329997892114745,0.5753423804460183,24.83813132512115,0.5756972844745198,6.614601464442302,0.0,0.023290503492408042,5.131836042765368,-5.986154802547226e-10,-9.838466103843817e-09
2.6565005630000087,9.303350874962712,-0.1293887967945082,-8.625791943241364e-05,7.754589769202241,-0.059190963780751726,-0.00678746894936566,1.5503511532798706,-0.006701211029933246,6.614601464442302,0.0,0.002170339903295201,5.0555203615217055,1.0420817726388102e-54,0.0
2.669685630999993,9.360866419501289,-0.13575161188998758,-0.0005448938755352579,-11.066840041930776,-14.274924568266243,0.5753423804460183,24.8436592144707,0.5758872743215535,6.614601464442302,0.0,0.015845500157606655,5.146132292905044,-5.842729216785699e-10,-9.613320047553481e-09
2.675414718999491,9.417931743917048,-0.13578270643884457,-0.00040819195235491696,7.85297429306898,-0.059858755956565535,-0.006787469131138702,1.566798094593467,-0.006379277178783786,6.614601464442302,0.0,0.015845500157606655,5.069188696643707,1.0436361143049919e-54,0.0
2.6903246169995327,9.484054034824064,-0.13580837355920705,-0.0003037979713553138,-10.981599197730201,-14.219643172695278,0.5753423804460183,24.84345718462942,0.5756461784173735,6.614601464442302,0.0,0.01575257671976051,5.159089326384311,-5.642835814691542e-10,-9.421542132608943e-09
2.695727653999711,9.543401347628603,-0.13582577048166733,-0.0002007872568429098,7.956452889346475,-0.06056112454134688,-0.006787469317756089,1.5887322544005151,-0.006586682060913178,6.614601464442302,0.0,-0.006012438221172164,5.0828674657962285,1.0470294174534427e-54,0.0
2.7087506159996337,9.626776501727653,-0.13584341905141706,-0.00025275299477546173,-10.896388538982919,-14.164381353349764,0.5753423804460183,24.859609406873076,0.5755951334407937,6.614601464442302,0.0,0.0033782111079971805,5.172680613905419,-5.449060830930842e-10,-9.220805589625608e-09
2.7143917439998404,9.691809058383777,-0.135859227687733,-0.000225540230170611,8.059716684859461,-0.06126203516876094,-0.006787469499580645,1.6337962715246803,-0.006561929269410034,6.614601464442302,0.0,-0.0008575149147721913,5.096496038843858,1.0498403998459265e-54,0.0
2.7285397749992626,9.75971814336584,-0.13587413754118594,-0.0001912865016749591,-10.811028743775358,-14.109022814271688,0.5753423804460183,24.86774037657713,0.5755336669476933,6.614601464442302,0.0,-0.00526342800530637,5.186198597805492,-5.269102419167616e-10,-9.022212177841182e-09
2.734141119999549,9.815006146786155,-0.1358847133900738,-0.00023528075173647844,8.163410851725901,-0.06196586699175599,-0.006787469677851932,1.6532486245323252,-0.006552188926115453,6.614601464442302,0.0,-0.00526342800530637,5.110103567314467,1.0523097346779919e-54,0.0
2.750055975999203,9.91712604456883,-0.1359018700711369,2.7518178441598113e-05,-10.724794449783415,-14.05309713494906,0.5753423804460183,24.895324977511333,0.5753148622675767,6.614601464442302,0.0,0.005049939643475589,5.199727659825635,-5.091534404516047e-10,-8.831684497627487e-09
2.755765914999756,9.944930905252718,-0.13590120219563642,-1.8660547337279115e-05,8.267513802838693,-0.06267247348604021,-0.006787469852492345,1.6790147653250374,-0.006768809305155066,6.614601464442302,0.0,-0.011537144332054756,5.123807023669993,1.0550916993208917e-54,0.0
2.7689771420000397,10.031551617355184,-0.1359049050056368,-0.00015233840348006275,-10.638285041161161,-13.996994451443332,0.5753401330961336,24.887184471211494,0.5754924714996137,6.614601464442302,0.0,0.0010912186652338755,5.2139847196485745,-4.91175629945678e-10,-8.634972374566643e-09
2.774248797999462,10.031551617355184,-0.1359049050056368,-0.00015233840348006275,8.372194436416308,-0.0633930090763215,-0.006805463414010893,1.6609407662480558,-0.00665312501053083,6.614601464442302,0.0,0.0010912186652338755,5.126365648728598,-0.0006392949427005132,-0.001211805264576259
2.7895413269998244,10.29613552604179,-0.14550809293535688,-0.001412567966707546,-10.552232599407695,-13.94137130347757,0.5751031071392153,24.999605901258725,0.5765156751059228,6.442939809038501,0.0,-0.008080519593655008,5.204981673204475,-0.002886757324253901,-0.005179968300113294
2.7943471779999527,10.324266400439024,-0.14554782973383545,-0.0014478488036041095,8.47647707008114,-0.06437285026719941,-0.007194884937402502,1.8495715143448348,-0.005747036133798393,6.442939809038501,0.0,-0.008080519593655008,5.101127265229525,-0.017772592897480302,-0.02642230588469817
2.8090687629992317,10.391654227521324,-0.1456449899679067,-0.0014236332169543758,-10.466016174368361,-13.88625430144232,0.5743413394986603,24.976924527340078,0.5757649727156147,6.442939809038501,0.0,-0.005095896013733852,5.180197125238039,-0.025395146302755498,-0.03516551069900994
2.814350115999332,10.455320049722637,-0.1457356268084094,-0.0014739882952189015,8.580708754269846,-0.06587870754888936,-0.008018465799946584,1.876311444455001,-0.006544477504727682,6.442939809038501,0.0,-0.005095896013733852,5.078423933496026,-0.03900051396131611,-0.04136493475776401
2.8284438309992765,10.53894305393347,-0.14586992813736335,-0.001946412010873619,-10.38476639654921,-13.834585472887758,0.5736885300168406,25.00365074210783,0.5756349420277143,6.442939809038501,0.0,-0.01577974493049376,5.158154466426807,-0.0402369629458042,-0.0385193864112971
2.8342289039992465,10.584207714701988,-0.14595803192801232,-0.0020572722975545224,8.684648295423946,-0.06747904095564783,-0.008618136687977729,1.9011798808613485,-0.006560864390423206,6.442939809038501,0.0,-0.01577974493049376,5.05784460921329,-0.03438474495746802,-0.02622547017125516
2.8487885719996484,10.648566250549225,-0.14609199026386566,-0.002248831265181274,-10.295584113475286,-13.77754735211467,0.5734167421961274,24.98947798080222,0.5756655734613086,6.442939809038501,0.0,-0.037621356807050074,5.136195233469644,-0.02863211225786412,-0.019223218319374603
2.8547515769996608,10.712950867335167,-0.14624074262504472,-0.002667056189628893,8.787936118678408,-0.06868209323387786,-0.008713510870222763,1.9265765301802642,-0.00604645468059387,6.442939809038501,0.0,-0.030683979962877375,5.03508020459858,-0.008407578519443537,0.001968772074721809
2.8691020059995935,10.676244412994679,-0.1570523305547147,-0.00109720111238477,-10.214492740160395,-13.725013732485142,0.5737309451594276,24.9100878241424,0.5748281462718123,6.442939809038501,0.0,-0.0206609086038239,5.114169933417746,-9.09987220851405e-05,0.010083532025444993
2.8744298249994245,10.734532317801916,-0.15711867005642113,-0.001284116075385091,8.890426579993882,-0.06921275792911796,-0.00817225084977391,1.8461997241911414,-0.006888134774388819,6.442939809038501,0.0,-0.0206609086038239,5.013917787728282,0.022728020326805577,0.032177612823512294
2.8893322260000787,10.835856007267916,-0.15725692299133606,-0.0015236667484572262,-10.130843028218393,-13.66992217876954,0.5747441576176027,24.943828710913206,0.5762678243660599,6.442939809038501,0.0,-0.011924935833628691,5.091802976486578,0.03518980234192709,0.04538001252281311
2.894005233999451,10.863504536780592,-0.1572992191428293,-0.0016045808095892994,8.991897588025964,-0.06890353463435339,-0.006899987428836908,1.8736932426804374,-0.005295406619247608,6.442939809038501,0.0,-0.019161664509559435,4.990171572058318,0.06165737436215949,0.07053607475272837
2.90851467199991,10.93939473733165,-0.15742334247404038,-0.0018193936538800468,-10.047898175484804,-13.61422202734807,0.576488112796822,24.930942514345166,0.5783075064507021,6.442939809038501,0.0,-0.009454399197818068,5.069033551312949,0.07306359359959037,0.08183468562635833
2.9142248929993,10.999313935574095,-0.15753291128659952,-0.0019123840348144391,9.08826185980563,-0.06774088761031738,-0.005005666348306348,1.9131603811010829,-0.003093282313491909,6.442939809038501,0.0,-0.016827751251693484,4.96821004439909,0.09784709854697263,0.10521362912478424
2.929092720999506,11.078777096689045,-0.15768638878604885,-0.0019774881596718442,-9.965783357723694,-13.55790654783106,0.5789501401248986,24.94873594053031,0.5809276282845703,6.442939809038501,0.0,-0.006211728379666858,5.045527182095392,0.11150228577960758,0.11841062978359884
2.93458798499978,11.121278286419443,-0.15777043449506517,-0.002018464231222362,9.194569762259908,-0.06540133328921538,-0.0021519579191503486,1.928921405326456,-0.00013349368792798643,6.442939809038501,0.0,-0.006211728379666858,4.944482948773311,0.13487701016492556,0.14010041310125684
2.948556667000048,11.185598426443734,-0.1579009102646256,-0.002090264955525001,-9.884776480724215,-13.50111208770285,0.5821028849396693,24.93996758727495,0.5841931498951943,6.442939809038501,0.0,-0.017239643903279096,5.021510213114708,0.14873135192475456,0.15388695785201847
2.955143073999352,11.255095260001276,-0.15804607047058603,-0.0020546414240207723,9.295038860915511,-0.062108823096036936,0.0012716638709693306,1.9624028748019255,0.003326305294990103,6.442939809038501,0.0,0.0208787662951584,4.920250352934626,0.1705707321643258,0.173735845710998
2.968651171999227,11.3479342871964,-0.16962550903588783,-0.0017847316308504065,-9.804605757362292,-13.443606887708619,0.5859248645331268,24.97255557563161,0.5877095961639771,6.442939809038501,0.0,0.048887106446379065,4.996973680020914,0.18430296100135724,0.1872830189825358
2.9744000799992136,11.418077869953368,-0.1697479255305474,-0.0012445701254304212,9.389974170673266,-0.057982319416209904,0.005141696661286721,2.0311809780873147,0.006386266786717143,6.442939809038501,0.0,0.06148575048916241,4.895382920903434,0.20521063514589313,0.2067485150026663
2.9891069669993158,11.484917327845979,-0.16982376057800602,-0.0002786024661101702,-9.725353819412216,-13.3853943405958,0.5903986774078565,24.990536366705804,0.5906772798739667,6.442939809038501,0.0,0.13480840007139022,4.973108991567187,0.2172673370801489,0.2186353419120599
2.9940741860000344,11.54124518359716,-0.16983945365793499,0.0008999695263390677,9.489349368793368,-0.052552660406545826,0.009840185017559677,2.055245150019947,0.008940215491220609,6.442939809038501,0.0,0.13480840007139022,4.869933742088678,0.23852853280995925,0.23808590478610078
3.0088971989998754,11.605823467268488,-0.16975615495018995,0.002532361829950192,-9.64751895893605,-13.326800256974174,0.5954746885902719,24.996247194091158,0.5929423267603217,6.442939809038501,0.0,0.17639591889901124,4.947430103738983,0.2507960369209652,0.2503810419105982
3.0140450239996426,11.670091217351517,-0.16956653196255878,0.004504109149417922,9.58783635997367,-0.04599568908281082,0.015141388330125127,2.085918273634816,0.010637279180707206,6.442939809038501,0.0,0.22922447568716012,4.84401904388648,0.27062584659848227,0.2681353674289434
3.0287820449993887,11.747115753889341,-0.16918913539095376,0.007272630481915813,-9.570955906699343,-13.267700155709392,0.6011207379680631,25.020614906020956,0.5938481074861472,6.442939809038501,0.0,0.25109420620239503,4.921323142455809,0.28266083372479406,0.27997600921080956
3.0341943240000546,11.799706188429017,-0.16878179200278515,0.009322246422427374,9.685814832427562,-0.038272135551081554,0.02102384349984976,2.1179162956559003,0.011701597077422386,6.442939809038501,0.0,0.25109420620239503,4.8176372775689495,0.3010709471605658,0.2965728394398698
3.0489178909992916,11.900140164501614,-0.16769280993053934,0.013872698547650272,-9.495501553437606,-13.20796191047604,0.6072986131565783,25.056378484071935,0.593425914608928,6.467331606018186,0.0,0.31209106043389095,4.893902651103223,0.3128348233896369,0.3081786558793037
3.0550305669994486,11.928838802442272,-0.16728591831990522,0.01533490385456791,9.78838790337321,-0.028889628117872768,0.027755533617282335,2.144920414483307,0.012420629762714425,6.467331606018186,0.0,0.33057461085263784,4.769827727641779,0.3262587620455641,0.317183241957679
