try,kind,status,score,param.steering.ackerman_factor,param.tire.slip_angle_relaxation_length,param.tire.lateral_peak_scale,param.tire.lateral_stiffness_scale,param.tire.lateral_peak_pdy1,param.tire.lateral_stiffness_pky1,param.tire.lateral_curvature_pey1,param.tire.structural_lateral_stiffness,param.tire.structural_yaw_stiffness,stage,parameter,step_size,search_radius,position_rmse,heading_rmse,velocity_rmse,velocity_x_rmse,velocity_y_rmse,yaw_rate_rmse,front_wheel_rpm_rmse,motor_rpm_rmse,samples,error,warning
0,staged_genetic,ok,48.37018782974322,0.03,0.001,1.85,4.4,3.4,-190.0,0.18,520000.0,30000.0,skidpad_turning,,,,11.25127668770224,1.4468760724880172,1.9159355862242125,1.9038298018010955,0.21503780210540593,0.24532641016663684,89.91801495686525,310.62510707836674,738,,
1,staged_genetic,ok,50.39863866959353,0.020530423058078142,0.0010300954376809865,1.874126845825737,4.049153750753521,3.2743285147377064,-184.8482229208604,0.1878648303154725,505316.49631158786,28233.193920125676,skidpad_turning,,,,11.620279211488077,1.4121569038763897,2.077964056529552,2.0684207153368095,0.19892301172641463,0.26211544973929735,94.43950237795485,335.19627951620726,719,,
2,staged_genetic,ok,50.46460355042168,0.037545893628889854,0.0013760334322619765,1.8506534982152003,4.046418960992845,3.339068882558584,-202.6691237712662,0.13149683588082028,493479.1044245647,36381.947585387665,skidpad_turning,,,,11.697648819916505,1.4112924137821468,2.0756553893630185,2.0665303764411944,0.19441578803573487,0.25731174298761006,95.33821920781917,334.91246705970235,740,,
3,staged_genetic,ok,49.41984094708227,0.030188252065670006,0.001039669259464106,2.0039075807012625,4.335310612893312,3.5250815828774074,-196.73588440696403,0.21234035059811446,472780.3339808074,29136.33132427402,skidpad_turning,,,,11.372703117363958,1.4319058121756632,2.007344875655502,1.9969701323615932,0.20382281588704637,0.2599240016720555,92.28900895396393,321.3779186823058,741,,
4,staged_genetic,ok,48.719435548378044,0.021516758941016467,0.0006787374758834112,1.8838202682611307,4.621116513565548,3.44889151935524,-201.31547206764526,0.15192362328616485,451864.0159704228,35800.5924613045,skidpad_turning,,,,11.386811918662753,1.5125251572284546,1.8984287516614653,1.8861011638982357,0.21599565893006464,0.24060892325817107,85.90880338261306,300.77072521488793,735,,
5,staged_genetic,ok,49.230487217017135,0.03689381962949591,0.0011979528650546357,1.7885700286957102,4.5121115709603465,3.4642525193365663,-195.0184429621791,0.17577923650065932,496637.2825346605,33367.48623342397,skidpad_turning,,,,11.327144843671709,1.4565245006306926,1.9891530660529402,1.9786338602238458,0.20429872090519335,0.24974535110691576,93.11195392542075,320.0672167031831,738,,
6,staged_genetic,ok,48.425941622752106,0.036632801638426304,0.0008126841905963205,1.8064477797773166,4.613591362784298,3.6110095810998644,-197.87101105385824,0.18230513104354307,540540.0689346993,30817.554550575365,skidpad_turning,,,,11.267763258551057,1.4985644005850336,1.8873005520114587,1.8749395694891764,0.21565014348825237,0.2480101902954658,87.80615851251423,299.07769322817904,742,,
7,staged_genetic,ok,48.930846785744805,0.02055844766444354,0.0007076319504879904,1.8655357771812127,4.211170444917464,3.4928805726865204,-195.49257227891638,0.18885315142538472,498045.7869729867,31407.662145644466,skidpad_turning,,,,11.289828724189986,1.428785256846733,1.9684543002448627,1.9571879586034526,0.21030365391534564,0.2632566601991717,88.66169922810222,314.4126482331347,717,,
8,staged_genetic,ok,48.64754087658012,0.046105736783714546,0.000930226146669005,1.7165106478891,4.802857603958366,3.311125813986519,-187.4806290774393,0.17278397658569689,483950.0159703649,31365.612209905656,skidpad_turning,,,,11.429071283860306,1.5205676639954648,1.8763742050946706,1.8638430085732018,0.21649341084072765,0.24107705040941835,84.9128038715949,297.3225232461913,737,,
9,staged_genetic,ok,49.610748663527175,0.044307724411288024,0.0012504888619437155,1.7773814320904822,4.290195315826302,3.406974949507134,-196.66264570453424,0.19962516597639338,492493.7790870237,30745.2190774284,skidpad_turning,,,,11.385619112389875,1.45143536625424,2.0215132076423017,2.0115914489689644,0.2000387240191437,0.25208482888876205,94.5568575348114,324.82503959406847,744,,
10,staged_genetic,ok,50.64708112742764,0.03688880908709356,0.001263236949282187,1.8734056503412035,4.105199710459854,3.30570040405149,-184.9508350377072,0.24920088512166189,513857.7033218444,27609.62237059817,skidpad_turning,,,,11.711721275607472,1.415836551881815,2.090903370829774,2.0820037970506395,0.19270987316178442,0.2573187068876091,95.76575393146568,337.9590639676613,738,,
11,staged_genetic,ok,66.32233340710663,0.11691126715058207,0.008370169556028973,2.755703532261705,5.986981105083591,2.3027429672675472,-139.05298004090525,-0.1832931674284019,489247.50557906687,36616.76094831871,skidpad_turning,,,,18.193955658739025,1.3756125501909786,2.5228035932876223,2.517997538536703,0.15564821305767418,0.29298640447647567,120.13439591555007,421.7370813130359,737,,
12,staged_genetic,ok,56.98929078026588,0.02762730762011127,0.005547405309913549,1.3011222847809552,4.359125310855384,3.925594676541652,-309.0973851133214,0.013513041838201595,942881.9941524676,50605.603826140905,skidpad_turning,,,,14.690737983176884,1.3840155867316246,2.2062406740203766,2.1985880608089667,0.18359861265857194,0.26583338920705335,104.33437535702058,364.2329044784529,741,,
13,staged_genetic,ok,63.04087434227375,0.11870812226137188,0.009303744226065757,1.215717674187349,3.617441269362457,4.797367512551473,-261.4587872202105,0.1581229182406082,403891.65179712855,74355.31207042937,skidpad_turning,,,,16.88711537369901,1.35856090908704,2.4384773975759044,2.4330116932865984,0.16317511703452384,0.2865945144157188,113.17592886080915,406.88611315838756,740,,
14,staged_genetic_long_eval,ok,48.93605517653544,0.03,0.001,1.85,4.4,3.4,-190.0,0.18,520000.0,30000.0,skidpad_turning,,,,11.297099526586216,1.447484355380999,1.96537850039005,1.9545792668016069,0.2057487292420922,0.255117357906016,88.68758510206622,316.06077395493253,735,,
15,staged_genetic,ok,48.429380440000685,0.036632801638426304,0.0008126841905963205,1.8064477797773166,4.613591362784298,3.6110095810998644,-197.87101105385824,0.18230513104354307,540540.0689346993,30817.554550575365,skidpad_turning,,,,11.273725345813038,1.493437710794265,1.8931037023256003,1.8809341412782143,0.2143090850451244,0.24584383887990088,87.00589910797612,301.289880976301,739,,
16,staged_genetic,ok,49.0145507430235,0.046105736783714546,0.000930226146669005,1.7165106478891,4.802857603958366,3.311125813986519,-187.4806290774393,0.17278397658569689,483950.0159703649,31365.612209905656,skidpad_turning,,,,11.430471384537944,1.494707201599506,1.9245438942389446,1.912309723251704,0.21665807903098439,0.24797434298154258,86.9722383445405,306.96493523017017,725,,
17,staged_genetic,ok,48.65466734920967,0.021516758941016467,0.0006787374758834112,1.8838202682611307,4.621116513565548,3.44889151935524,-201.31547206764526,0.15192362328616485,451864.0159704228,35800.5924613045,skidpad_turning,,,,11.342515254782004,1.5036578232083888,1.902117998574079,1.8897702509147638,0.21638225263873026,0.2435350254655896,86.12337819610919,301.3763537015439,735,,
18,staged_genetic,ok,65.44321556798263,0.051468903917289296,0.005727671677905773,2.433493071043337,7.484839665166523,2.2460115395409113,-147.2811585385258,0.3763822153939422,963204.2393481496,71781.14569490445,skidpad_turning,,,,17.889720681749935,1.3687846447791958,2.493803118685889,2.488770729364559,0.15834851254644303,0.2886239481475215,119.20573872041362,416.63151777067486,739,,
19,staged_genetic,ok,65.2088229390513,0.14244385144472094,0.0030840020971538164,2.551551761606159,5.533583134951596,4.4916952120487075,-207.31457148564084,0.2664303296407866,951940.5287901746,28517.009054609676,skidpad_turning,,,,17.760132201569423,1.359279584678054,2.500133712756815,2.4951617131640145,0.15759634140297857,0.2908261405438799,117.26089374760515,416.5313960203786,742,,
20,staged_genetic,ok,47.70234427816283,0.02083912106332981,0.0,1.8786043074007979,4.833018161366247,3.499106715535468,-180.46236949977038,0.16895892089672593,472694.0919710117,34577.73376398522,skidpad_turning,,,,11.236637416640676,1.4677781153222438,1.8337626898932147,1.820630569392628,0.21906604629078033,0.24856284473279922,82.7956155308757,289.2633324290547,732,,
21,staged_genetic,ok,48.63362862816739,0.044770483725382684,0.0009031307133867436,1.712950100591519,4.171804149647425,3.395864479913839,-198.441565173489,0.16807563718357266,530291.8825398787,32727.717513063246,skidpad_turning,,,,11.339879500590047,1.507038679253434,1.900057168116103,1.8881442641261228,0.21243464867343803,0.24238258800609427,86.31769370160428,301.2239717017108,738,,
22,staged_genetic,ok,48.86723018950897,0.040770695876761534,0.0009970960547287678,2.0613107381372844,4.830253238793852,3.3828085769646714,-187.9074713292176,0.17937122360200036,482585.8975585011,29637.014017446258,skidpad_turning,,,,11.235965369749268,1.4660580198173858,1.962566539525832,1.9514104721016503,0.20896074138080795,0.2507756551156167,89.42253079318442,313.00851830701106,743,,
23,staged_genetic,ok,48.7933567561244,0.03675460130723118,0.0010895642041651662,1.793720004882808,4.578913854145254,3.4421097938941396,-196.09525611424505,0.18102560151007568,526233.9733541469,32881.251770139155,skidpad_turning,,,,11.176931207262925,1.4720302355485033,1.9620913694027216,1.9509442884333095,0.20885144316979362,0.24879497534070016,91.74278076442643,313.0760298357461,738,,
24,staged_genetic,ok,48.69637988006005,0.0505990036264627,3.1242613296023135e-05,1.6916653847336225,4.437371784057426,3.42718698291498,-199.99342369529563,0.16880108809541733,476322.99589919834,30649.455777868374,skidpad_turning,,,,11.554490321742932,1.5093384387322222,1.8537458003290206,1.8401833341920613,0.22382758721675194,0.24548580190331665,86.70899569234312,294.01282558406945,721,,
25,staged_genetic,ok,49.10534246305253,0.0282574657003617,0.0009566234351564951,1.7192344659814807,4.803573774157157,3.3322703219720546,-201.49046745851388,0.14962768714048946,468085.81254308135,35362.35319092602,skidpad_turning,,,,11.404921104041213,1.4879691148713583,1.9429198655197013,1.9308658466790811,0.21608953227625438,0.2491103907028462,87.56997043775728,310.2184541061422,726,,
26,staged_genetic,ok,48.55571575696587,0.024393821123925442,0.0007767633221536652,1.8538166853566234,4.68724232372985,3.5021645080235113,-184.83762056706948,0.20757807387596944,496292.6360611776,30728.97030554434,skidpad_turning,,,,11.225220367156556,1.4822117593078208,1.920273527143056,1.9084791843213278,0.21250322834874882,0.25007459493158646,87.40021601589757,306.02105026645046,741,,
27,staged_genetic,ok,48.46987223479068,0.0366127650372243,9.375415979213236e-05,1.7885428016267078,4.514116443489111,3.7075413322247055,-196.15095917025553,0.17686249514116764,466811.7261555352,31919.703280591813,skidpad_turning,,,,11.36259569285623,1.4828558783543306,1.8797538733446804,1.866637416379957,0.2216740402588576,0.25106387391499235,85.85748132674412,298.05255082235016,720,,
28,staged_genetic,ok,49.59574138143665,0.01890633340953236,0.001069089971585192,1.861561550905658,4.46279222053035,3.4956317129349066,-195.09275771617084,0.15930235405497886,497952.87865164503,30933.90566833012,skidpad_turning,,,,11.456334559581176,1.4273215448976524,2.01748935582813,2.007349025105975,0.20202275190161242,0.2557874687163772,92.52617655443285,325.35792266423556,742,,
29,staged_genetic_long_eval,ok,48.23804843149846,0.02083912106332981,0.0,1.8786043074007979,4.833018161366247,3.499106715535468,-180.46236949977038,0.16895892089672593,472694.0919710117,34577.73376398522,skidpad_turning,,,,11.210395169423547,1.4824591261124132,1.8890444975376983,1.8766210561855972,0.21629268401476887,0.24931454244709697,85.49072869711931,298.637573315525,742,,
30,staged_genetic,ok,48.25750358977861,0.02083912106332981,0.0,1.8786043074007979,4.833018161366247,3.499106715535468,-180.46236949977038,0.16895892089672593,472694.0919710117,34577.73376398522,skidpad_turning,,,,11.274608052910223,1.4977403496699315,1.8688453410658776,1.8560478818021537,0.21833270318799144,0.2491755533685312,84.64609073162725,294.67985545760274,736,,
31,staged_genetic,ok,48.75606724651504,0.036632801638426304,0.0008126841905963205,1.8064477797773166,4.613591362784298,3.6110095810998644,-197.87101105385824,0.18230513104354307,540540.0689346993,30817.554550575365,skidpad_turning,,,,11.328029362960121,1.5136820423564978,1.9089044451513464,1.8966994313138492,0.2155166999846864,0.24464854915618492,86.48260293547274,302.9686962815504,740,,
32,staged_genetic,ok,48.172967053597326,0.0366127650372243,9.375415979213236e-05,1.7885428016267078,4.514116443489111,3.7075413322247055,-196.15095917025553,0.17686249514116764,466811.7261555352,31919.703280591813,skidpad_turning,,,,11.316360282633413,1.497101533759589,1.853024296425857,1.8399537665024508,0.21970248127407374,0.24898482921107654,82.48599018981017,292.0047797762527,741,,
33,staged_genetic,ok,58.984324014743684,0.0870514989149498,0.0038210061926672056,1.548013505983213,4.487766896930009,3.8096397134287443,-139.25509003482637,0.26202889877510577,852384.9127662022,56318.50521172558,skidpad_turning,,,,15.138947260160336,1.3602798366591267,2.3451793139528103,2.3388762866312764,0.17182470842713077,0.2748289815441862,111.47005094289152,387.7350338758338,735,,
34,staged_genetic,ok,67.44080844450632,0.09120234023831801,0.002859892934043117,2.6715607396326813,8.42608556547971,4.216732344067644,-124.4920826954399,0.43200185977462185,1127778.2107944726,57757.69562941867,skidpad_turning,,,,18.346203513701507,1.3982502416501656,2.589150941231049,2.584744384345559,0.15099358950539774,0.30580125987946005,123.99038501252384,432.80449952239604,721,,
35,staged_genetic,ok,48.5637398085672,0.04544838826346459,0.0,1.8278718507568543,4.604159076753093,3.436876203176462,-198.88925235875496,0.17185067534453463,583109.0814989522,30681.23212128937,skidpad_turning,,,,11.662610284586522,1.5401290630230111,1.8082284342820263,1.79426273973327,0.22430178633013195,0.2385259948202494,83.71691232665972,283.6317004530825,743,,
36,staged_genetic,ok,49.41520444521745,0.03473033830019272,0.0003985649948485018,1.837642293273672,4.6838540941097655,3.4783412723068543,-213.19818283600617,0.1711798539207104,442973.19325352134,33959.53192780243,skidpad_turning,,,,11.883673188543854,1.5281816891456192,1.8598932447870062,1.8462251705415413,0.22506777126721636,0.24354376078414497,85.59039485586514,294.41572700118047,721,,
37,staged_genetic,ok,48.69425371120666,0.0162486444013343,0.0,1.8786043074007979,4.833018161366247,3.499106715535468,-180.46236949977038,0.16895892089672593,472694.0919710117,34577.73376398522,skidpad_turning,,,,11.339240090241061,1.4722539399277907,1.910421666893975,1.8978751335573851,0.21858847811010723,0.25447109121867567,89.12508175762015,303.832215539183,721,,
38,staged_genetic,ok,52.62026581797766,0.03476037280968505,0.001647073429258173,1.8304600672913003,4.668245870226958,3.679656805392906,-197.14892512089526,0.1794079160821691,551042.6635041366,33416.131328049196,skidpad_turning,,,,12.473882061697479,1.3819536993597639,2.1666991145512156,2.1585706375053073,0.1875042823429777,0.26717806108475733,100.23306950642636,353.78116915342173,743,,
39,staged_genetic,ok,48.376701259919294,0.036627177141605585,0.00021593207752781273,1.8071591890603034,4.602302674379121,3.5982992704933423,-196.7640306735742,0.1758832328991718,587063.3271242487,31902.181021210206,skidpad_turning,,,,11.523839102356666,1.5232340738186712,1.8223036044263745,1.808546738279823,0.22349300249172221,0.24531501121294885,80.59531376663064,286.0157687216871,738,,
40,staged_genetic,ok,48.77269885512874,0.040446345204414993,0.0006787374758834112,1.8838202682611307,4.621116513565548,3.4488915193552403,-201.31547206764526,0.12724468364562594,451864.0159704229,35800.5924613045,skidpad_turning,,,,11.607790418358832,1.5388747024639817,1.843876814527384,1.830600001471831,0.22087404049137288,0.23841989473836472,85.39019450405509,289.7807376193248,737,,
41,staged_genetic,ok,48.14061519371537,0.03662783682109039,0.0006121206764727643,1.7880537245871482,4.566220187979804,3.6268745005672924,-194.2456830811631,0.17850894806974682,466201.11451068264,31151.209671359844,skidpad_turning,,,,11.271521284816892,1.4965807099117614,1.8607064032513523,1.847783097813212,0.21891994549697014,0.2457634312537587,84.4382273921947,293.2139236913817,741,,
42,staged_genetic,ok,48.84717967501986,0.02451271828233854,0.00032883873718774273,1.8235606549138215,4.54668167255007,3.619918405522344,-198.25806806664173,0.20427078662585013,488531.38919392263,31565.857586856182,skidpad_turning,,,,11.487064250450675,1.5173936783800124,1.8788614321164312,1.8661364481595133,0.2183003388572801,0.2477742182283093,87.17386458735508,297.10845437132946,740,,
43,staged_genetic,ok,48.50643387715069,0.052801357293120625,0.0008018210131772793,1.857178159888993,4.690346766288288,3.4905885593013553,-193.436772653117,0.18009063183390267,464123.04727287067,32046.828819102404,skidpad_turning,,,,11.432374491943536,1.519788128022627,1.85920839696027,1.846316677960796,0.21856483708817898,0.2420346245098645,84.21219601620597,293.54298243875695,736,,
44,staged_genetic_long_eval,ok,48.19077240005247,0.03662783682109039,0.0006121206764727643,1.7880537245871482,4.566220187979804,3.6268745005672924,-194.2456830811631,0.17850894806974682,466201.11451068264,31151.209671359844,skidpad_turning,,,,11.231204866772192,1.4870616265158219,1.8795533083444218,1.8669706748874277,0.21712010044868602,0.24690287015848894,84.9578365802624,296.67730873083445,740,,
45,staged_genetic,ok,63.64530701467064,0.02083912106332981,0.0,1.8786043074007979,4.833018161366247,3.499106715535468,-180.46236949977038,0.16895892089672593,472694.0919710117,34577.73376398522,feup_turning_validation,,,,18.481640338653648,1.4007555833341063,2.7389694887411387,2.7045876189001197,0.43261954642279754,0.26732252781933846,137.7187100001882,512.4217360022617,593,,
46,staged_genetic,ok,61.978025620516654,0.02014380290672936,0.000617655544751172,1.7842199470404208,4.7859404006601105,3.5603622551740504,-180.9213336148583,0.1502034125597133,460340.0184713925,39816.77528236202,feup_turning_validation,,,,18.29616700631651,1.392300910786588,2.599291024609957,2.563243608766326,0.43138849397783285,0.2626339505532216,130.87796317256303,481.51099021466905,570,,
47,staged_genetic,ok,68.63589108678342,0.031106997901589675,0.000649839142460084,1.9523652392137327,4.624940070378827,3.697635122168146,-185.7556972785094,0.15448289422462747,462241.11802000355,36834.66020498956,feup_turning_validation,,,,18.73848120782209,1.3271241667427542,3.2834879277843267,3.257680706031172,0.4108641983157589,0.2891463366553186,151.78284575572357,587.5523696957107,595,,
48,staged_genetic,ok,63.278226112143756,0.0191200075160257,0.00025228349657492404,1.8642677543346664,4.8042213350212775,3.4879454429196426,-167.5028913321498,0.14910234969342537,446713.14942641737,35876.86476622671,feup_turning_validation,,,,18.389472729146398,1.3817582483231912,2.721100108098967,2.686718128847542,0.4311977439854833,0.26762293317912406,139.79788975238344,508.8186247847579,588,,
49,staged_genetic,ok,63.00317164518333,0.033378155461635334,0.0,1.872921116814725,4.43261534389137,3.581627513094214,-209.69777037739917,0.20592539391326348,455154.4350756328,33155.05944423377,feup_turning_validation,,,,18.34389259638303,1.380345677315497,2.720425262088888,2.6881733397571943,0.41765739791131307,0.26473114802909625,131.1084052240615,487.6414979138428,591,,
50,staged_genetic,ok,64.0229885006801,0.02199180151545166,0.0,1.8693078930851346,4.753585646343179,3.5937806922292532,-177.27431872572362,0.134518979034232,404668.86369187763,34275.78851533349,feup_turning_validation,,,,18.544457765684903,1.3705053945304795,2.8022482229352788,2.7714775003054943,0.41413472233601506,0.2674707228938119,133.75486208233244,500.0368626464232,593,,
51,staged_genetic,ok,64.27072657868018,0.02223104511856278,0.000645506983571375,1.999380913349218,4.979367242253906,3.664244171342986,-177.27529314529434,0.15428384939729037,466129.8361447773,36037.64690980586,feup_turning_validation,,,,18.502389761114657,1.3873805167453432,2.806266469046815,2.7727715982081653,0.432283656256659,0.26851390363626804,140.8047469442804,534.8833369009226,588,,
52,staged_genetic,ok,63.832275409546874,0.008572826693436978,0.00038338690276607456,1.8065524579069419,5.185026807450944,3.6019880788792937,-171.24802313690665,0.19792679666157312,460361.25017810107,34801.12513491843,feup_turning_validation,,,,18.39600836204267,1.3752792518482828,2.7944242398261387,2.761139548133969,0.4300177064475834,0.2675490206880482,137.51264518951726,510.0753761236864,594,,
53,staged_genetic,ok,62.813004602094566,0.030429431495484625,0.0003739649458096821,1.8682668650355683,4.884368547611397,3.3798538257676105,-185.544164265956,0.1755311432028406,502824.60349523777,36765.56067729501,feup_turning_validation,,,,17.940672631109013,1.4111685413575543,2.735862282644308,2.7002566176213887,0.439950711543489,0.2621734382479965,138.00671905267168,526.095179956874,587,,
54,staged_genetic,ok,66.30897807624277,0.0249406150670428,0.0003326789928156912,1.8447529032449288,4.73079811840876,3.551791270114847,-159.82844853648095,0.21516313374235432,494235.2914957142,34363.52798394961,feup_turning_validation,,,,17.646694525967632,1.3918969835137838,3.1885021765248904,3.159855056985508,0.4264529851543703,0.27784793821667253,153.13568735269016,570.5390369507542,592,,
55,staged_genetic,ok,62.67000273189923,0.02780723133886462,0.0,1.9185939631625706,4.502188441091656,3.3587978883168206,-178.55689977797277,0.17704187563315238,515804.848400625,32266.539827715333,feup_turning_validation,,,,17.86957404941764,1.4018091351476862,2.748849854315021,2.715229018646172,0.42861042669242116,0.26649150071021627,134.6820683996433,499.4774130292754,591,,
56,staged_genetic,ok,64.1545550882988,0.13643930083148692,0.004202006657272856,2.587627501129224,3.827065582061053,4.283339371802683,-153.92451868857904,0.1528332722905824,667986.5408214334,60582.626866276434,feup_turning_validation,,,,18.517841723362462,1.3552445530808686,2.8181734854741216,2.7860980954111203,0.42398018465003856,0.27028254907685895,137.91037477009118,512.4361589417073,590,,
57,staged_genetic_long_eval,ok,62.5687315764543,0.02014380290672936,0.000617655544751172,1.7842199470404208,4.7859404006601105,3.5603622551740504,-180.9213336148583,0.1502034125597133,460340.0184713925,39816.77528236202,feup_turning_validation,,,,18.60601352784432,1.3851968929142757,2.6128550792157643,2.5774531455712473,0.4286571443105767,0.2675734333468653,128.78994028929017,481.9896729249672,577,,
58,staged_genetic,ok,63.450455666061025,0.02014380290672936,0.000617655544751172,1.7842199470404208,4.7859404006601105,3.5603622551740504,-180.9213336148583,0.1502034125597133,460340.0184713925,39816.77528236202,feup_turning_validation,,,,18.174857749752476,1.391755477106962,2.7835319185455343,2.7497118367247704,0.4325907494820909,0.26302585414962454,138.33984195120055,513.6689330877794,588,,
59,staged_genetic,ok,63.547110961126975,0.02780723133886462,0.0,1.9185939631625706,4.502188441091656,3.3587978883168206,-178.55689977797277,0.17704187563315238,515804.848400625,32266.539827715333,feup_turning_validation,,,,18.21061803317682,1.3874180445875448,2.7802067824436865,2.7460592088547706,0.43440600204162766,0.2675580749997607,137.8255893341226,531.1772460395246,592,,
60,staged_genetic,ok,62.49420642708733,0.030429431495484625,0.0003739649458096821,1.8682668650355683,4.884368547611397,3.3798538257676105,-185.544164265956,0.1755311432028406,502824.60349523777,36765.56067729501,feup_turning_validation,,,,17.856905818888677,1.3930691605637147,2.7410204554622792,2.70814366438113,0.4232623658382442,0.2644126214123029,132.99185610761765,495.27371076982763,589,,
61,staged_genetic,ok,68.53338242001963,0.040186195836296165,0.003783698758513926,2.4174874017164534,6.881250588534631,2.936569201952473,-253.74045021729987,0.054395358959951734,818980.2823107622,74356.68508547056,feup_turning_validation,,,,18.767936966311634,1.3103647006300265,3.265552171419776,3.240247891922309,0.4057395508912695,0.2930596321002546,157.13729142522922,585.2867124749769,590,,
62,staged_genetic,ok,67.30536827343225,0.04186012453253936,0.005235623504301854,2.0133073910644423,7.61441909553041,4.493096375327723,-258.92573874333675,-0.16122566352817505,789450.5116397236,17025.660483215328,feup_turning_validation,,,,19.531410962986218,1.3311780665634299,2.9863386252652244,2.961495360948743,0.38440032756237846,0.30138095500560935,141.31309689085333,529.2223725565229,593,,
63,staged_genetic,ok,61.69835576947644,0.02014380290672936,0.0006176555447511721,1.7842199470404208,4.78594040066011,3.5603622551740504,-181.44150294623907,0.17974579461455614,460340.01847139257,39816.77528236202,feup_turning_validation,,,,17.37051279173303,1.410108407747421,2.7330433809888093,2.6986742620699267,0.43206868621560984,0.25780065020217374,134.10178413969032,495.68620424249156,590,,
64,staged_genetic,ok,62.44518596518066,0.033416461567214034,0.0,1.843069703181331,4.537581695364027,3.5608219059647417,-183.15729620555453,0.15040507464235076,457887.4836538789,32538.134920587738,feup_turning_validation,,,,17.699344835962144,1.4032577622409839,2.758408737199361,2.724444678477049,0.4315321023699857,0.26295635136897183,133.91398377512763,498.13198837079966,594,,
65,staged_genetic,ok,65.83176313423597,0.022359067237088297,0.0,1.8895395922394074,4.875533751977276,3.623853204709554,-180.14668314884113,0.1767688130477632,515638.0353000345,31801.76031317623,feup_turning_validation,,,,18.665138884657164,1.370984054751575,2.953651302256377,2.921965062754675,0.4314813870398897,0.271135623888367,146.5838183670069,569.5885093294322,587,,
66,staged_genetic,ok,62.361666161866594,0.02501467126492246,0.00025939626899792697,1.8637746837651086,4.247486134514056,3.3568054662435904,-207.38181692158298,0.17063231292571626,438791.7382968577,35714.86878764546,feup_turning_validation,,,,18.522659324886035,1.3918706778120435,2.6007985359277135,2.564473296031643,0.43316248501496013,0.26616374226375217,129.7913581169686,478.6923639414962,573,,
67,staged_genetic,ok,66.08698195489812,0.019221672158203522,0.00020451979658675957,1.9038238593831271,4.826257407348521,3.492243072678395,-175.27360255450034,0.14512921007515778,452742.9736408718,34928.4629063143,feup_turning_validation,,,,17.8912370775876,1.403775756432336,3.1197681300981372,3.0908926106854913,0.42348087889047686,0.27254174054856906,149.13971133634664,562.1458687834393,592,,
68,staged_genetic,ok,66.78108391751624,0.024910955099674094,0.0,1.9096641698678958,4.658975559335998,3.529490222718445,-165.8840770971483,0.20871151175934527,480377.2046008653,32741.59131150491,feup_turning_validation,,,,18.055206540168225,1.3844671172057879,3.1678137022357227,3.1390829549142425,0.4256781110643007,0.2778748088384672,153.17298155287008,577.0214075366343,590,,
69,staged_genetic,ok,64.57832335458859,0.03966507231711151,0.0006176254752047344,2.0615557279576713,4.922147930515408,3.557776430634411,-177.4104726892443,0.15225322478164421,460956.9793396386,37351.81053660446,feup_turning_validation,,,,18.89459228048963,1.3486587914975183,2.8053362490799696,2.7745935757937374,0.4141762421556772,0.2728647035674533,134.7647792204253,505.08550386112455,594,,
70,staged_genetic_long_eval,ok,62.993592041970466,0.02014380290672936,0.0006176555447511721,1.7842199470404208,4.78594040066011,3.5603622551740504,-181.44150294623907,0.17974579461455614,460340.01847139257,39816.77528236202,feup_turning_validation,,,,17.964202003743036,1.3929839539382596,2.7748537652372316,2.7418954005760225,0.4264071185513929,0.2646043429675873,135.91849684840633,501.7467766826709,589,,
71,final_validation,ok,47.02670954241805,0.02014380290672936,0.0006176555447511721,1.7842199470404208,4.78594040066011,3.5603622551740504,-181.44150294623907,0.17974579461455614,460340.01847139257,39816.77528236202,all_bags,,,,11.281461061201059,1.4889684410228812,1.9110438237556748,1.8990867526759898,0.21344320585410634,0.24740989366518987,88.96569093718416,304.76792720636774,739,,
